school_id,school_name,postal_code,selected_candidate_url,domain,schools_sharing_selected_url,scope,identity_status,candidate_urls,normalization_errors
CENTRE:ST0280,PCF Sparkletots Preschool @ Sengkang North Blk 231 (DS),540231,https://www.pcf.org.sg/sparkletots,www.pcf.org.sg,333,shared_operator_page_candidate,not_verified,https://www.pcf.org.sg/sparkletots,
CENTRE:ST0344,PCF Sparkletots Preschool @ Admiralty Blk 687B (DS),732687,https://www.pcf.org.sg/sparkletots,www.pcf.org.sg,333,shared_operator_page_candidate,not_verified,https://www.pcf.org.sg/sparkletots,
CENTRE:ST0341,PCF Sparkletots Preschool @ Sembawang West Blk 789 (DS),730789,https://www.pcf.org.sg/sparkletots,www.pcf.org.sg,333,shared_operator_page_candidate,not_verified,https://www.pcf.org.sg/sparkletots,
CENTRE:ST0340,PCF Sparkletots Preschool @ Sembawang West Blk 730 (CC),730730,https://www.pcf.org.sg/sparkletots,www.pcf.org.sg,333,shared_operator_page_candidate,not_verified,https://www.pcf.org.sg/sparkletots,
CENTRE:ST0160,PCF Sparkletots Preschool @ Sembawang West Blk 755 (CC),730755,https://www.pcf.org.sg/sparkletots,www.pcf.org.sg,333,shared_operator_page_candidate,not_verified,https://www.pcf.org.sg/sparkletots,
CENTRE:ST0150,PCF Sparkletots Preschool @ Canberra Blk 780D (CC),734780,https://www.pcf.org.sg/sparkletots,www.pcf.org.sg,333,shared_operator_page_candidate,not_verified,https://www.pcf.org.sg/sparkletots,
CENTRE:ST0137,PCF SPARKLETOTS PRESCHOOL @ WOODLANDS BLK 604 (CC),730604,https://www.pcf.org.sg/sparkletots,www.pcf.org.sg,333,shared_operator_page_candidate,not_verified,https://www.pcf.org.sg/sparkletots,
CENTRE:ST0117,PCF SPARKLETOTS PRESCHOOL @ WOODLANDS BLK 649 (CC),730649,https://www.pcf.org.sg/sparkletots,www.pcf.org.sg,333,shared_operator_page_candidate,not_verified,https://www.pcf.org.sg/sparkletots,
CENTRE:ST0040,PCF SPARKLETOTS PRESCHOOL @ WOODLANDS BLK 677 (CC),730677,https://www.pcf.org.sg/sparkletots,www.pcf.org.sg,333,shared_operator_page_candidate,not_verified,https://www.pcf.org.sg/sparkletots,
CENTRE:SK0003,Skool4Kidz Preschool,731628,https://skool4kidz.com.sg/,skool4kidz.com.sg,28,shared_operator_page_candidate,not_verified,https://skool4kidz.com.sg/,
CENTRE:SK0001,Skool4Kidz Preschool,734782,https://skool4kidz.com.sg/,skool4kidz.com.sg,28,shared_operator_page_candidate,not_verified,https://skool4kidz.com.sg/,
CENTRE:PT9216,Small Wonder Preschool Woodlands Drive,730769,,,0,unavailable,unavailable,,
CENTRE:PT9148,STAR LEARNERS @ WOODLANDS CIRCLE PTE. LTD.,731764,https://starlearners.com.sg/our-centres/woodlands-circle,starlearners.com.sg,1,school_specific_candidate,not_verified,https://starlearners.com.sg/our-centres/woodlands-circle,
CENTRE:PT9118,Small Wonder Preschool Woodlands Close,737853,https://smallwonderpreschool.com/,smallwonderpreschool.com,9,shared_operator_page_candidate,not_verified,https://smallwonderpreschool.com/,
CENTRE:PT9116,STAR LEARNERS @ WOODLANDS PTE LTD,737853,https://starlearners.com.sg/our-centres/woodlands-11,starlearners.com.sg,1,school_specific_candidate,not_verified,https://starlearners.com.sg/our-centres/woodlands-11,
CENTRE:PT3460,Sunshine Kids Preschool @Woodlands Pte Ltd,730795,https://sunshinekids.com.sg/,sunshinekids.com.sg,1,school_specific_candidate,not_verified,https://sunshinekids.com.sg/,
CENTRE:NT0578,MY FIRST SKOOL,735785,https://www.myfirstskool.com/wdc08-lifesg,www.myfirstskool.com,1,school_specific_candidate,not_verified,https://www.myfirstskool.com/wdc08-lifesg,
CENTRE:NT0559,MY FIRST SKOOL,730678,https://www.myfirstskool.com/wd6-lifesg,www.myfirstskool.com,1,school_specific_candidate,not_verified,https://www.myfirstskool.com/wd6-lifesg,
CENTRE:NT0479,MY FIRST SKOOL,730742,https://www.myfirstskool.com/wd4-lifesg,www.myfirstskool.com,1,school_specific_candidate,not_verified,https://www.myfirstskool.com/wd4-lifesg,
CENTRE:NT0471,MY FIRST SKOOL,733688,https://www.myfirstskool.com/wd3-lifesg,www.myfirstskool.com,1,school_specific_candidate,not_verified,https://www.myfirstskool.com/wd3-lifesg,
CENTRE:ST0265,PCF Sparkletots Preschool @ Tampines Central Blk 725 (DS),520725,https://www.pcf.org.sg/sparkletots,www.pcf.org.sg,333,shared_operator_page_candidate,not_verified,https://www.pcf.org.sg/sparkletots,
CENTRE:ST0185,PCF SPARKLETOTS PRESCHOOL @ TAMPINES WEST BLK 887 (CC),520887,https://www.pcf.org.sg/sparkletots,www.pcf.org.sg,333,shared_operator_page_candidate,not_verified,https://www.pcf.org.sg/sparkletots,
CENTRE:ST0154,PCF SPARKLETOTS PRESCHOOL @ TAMPINES WEST BLK 890A (CC),521890,https://www.pcf.org.sg/sparkletots,www.pcf.org.sg,333,shared_operator_page_candidate,not_verified,https://www.pcf.org.sg/sparkletots,
CENTRE:ST0142,PCF SPARKLETOTS PRESCHOOL @ TAMPINES CENTRAL BLK 858 (CC),520858,https://www.pcf.org.sg/sparkletots,www.pcf.org.sg,333,shared_operator_page_candidate,not_verified,https://www.pcf.org.sg/sparkletots,
CENTRE:ST0116,PCF SPARKLETOTS PRESCHOOL @ TAMPINES CENTRAL BLK 867A (CC),521867,https://www.pcf.org.sg/sparkletots,www.pcf.org.sg,333,shared_operator_page_candidate,not_verified,https://www.pcf.org.sg/sparkletots,
CENTRE:ST0113,PCF SPARKLETOTS PRESCHOOL @ TAMPINES CENTRAL BLK 713 (CC),520713,https://www.pcf.org.sg/sparkletots,www.pcf.org.sg,333,shared_operator_page_candidate,not_verified,https://www.pcf.org.sg/sparkletots,
CENTRE:ST0011,PCF SPARKLETOTS PRESCHOOL @ TAMPINES WEST BLK 942 (EY),520942,https://www.pcf.org.sg/sparkletots,www.pcf.org.sg,333,shared_operator_page_candidate,not_verified,https://www.pcf.org.sg/sparkletots,
CENTRE:RC1400,Little Seeds Preschool,520727,https://www.littleseeds.edu.sg/,www.littleseeds.edu.sg,15,shared_operator_page_candidate,not_verified,https://www.littleseeds.edu.sg/,
CENTRE:PT9511,THE LITTLE SKOOL-HOUSE INTERNATIONAL PTE LTD,529757,https://www.littleskoolhouse.com/,www.littleskoolhouse.com,15,shared_operator_page_candidate,not_verified,https://www.littleskoolhouse.com/ | https://www.littleskoolhouse.com/our-centres/at-temasek-polytechnic,
CENTRE:PT8741,NURTURESTARS PTE. LTD.,528882,https://www.nurturestars.sg/,www.nurturestars.sg,4,shared_operator_page_candidate,not_verified,https://www.nurturestars.sg/,
CENTRE:NT0503,MY FIRST SKOOL,520803,https://www.myfirstskool.com/tm3-lifesg,www.myfirstskool.com,1,school_specific_candidate,not_verified,https://www.myfirstskool.com/tm3-lifesg,
CENTRE:EB0026,E-Bridge Pre-School Pte Ltd,525858,,,0,unavailable,unavailable,,
CENTRE:EB0021,E-Bridge Pre-School Pte Ltd,522875,https://info.e-bridge.edu.sg/registration-of-interest,info.e-bridge.edu.sg,23,shared_operator_page_candidate,not_verified,https://info.e-bridge.edu.sg/registration-of-interest,
CENTRE:YM0151,MY WORLD PRESCHOOL LTD.,520428,https://www.myworld.org.sg/,www.myworld.org.sg,54,shared_operator_page_candidate,not_verified,https://www.myworld.org.sg/,
CENTRE:ST0267,PCF Sparkletots Preschool @ Tampines Changkat Blk 106 (EY),521106,https://www.pcf.org.sg/sparkletots,www.pcf.org.sg,333,shared_operator_page_candidate,not_verified,https://www.pcf.org.sg/sparkletots,
CENTRE:ST0263,PCF Sparkletots Preschool @ Tampines East Blk 358 (DS),520358,https://www.pcf.org.sg/sparkletots,www.pcf.org.sg,333,shared_operator_page_candidate,not_verified,https://www.pcf.org.sg/sparkletots,
CENTRE:ST0260,PCF Sparkletots Preschool @ Tampines East Blk 262 (EY),520262,https://www.pcf.org.sg/sparkletots,www.pcf.org.sg,333,shared_operator_page_candidate,not_verified,https://www.pcf.org.sg/sparkletots,
CENTRE:ST0258,PCF Sparkletots Preschool @ Tampines West Blk 140 (DS),520140,https://www.pcf.org.sg/sparkletots,www.pcf.org.sg,333,shared_operator_page_candidate,not_verified,https://www.pcf.org.sg/sparkletots,
CENTRE:ST0172,PCF Sparkletots Preschool @ Tampines North Blk 443 (CC),520443,https://www.pcf.org.sg/sparkletots,www.pcf.org.sg,333,shared_operator_page_candidate,not_verified,https://www.pcf.org.sg/sparkletots,
CENTRE:ST0145,PCF SPARKLETOTS PRESCHOOL @ TAMPINES EAST Blk 385 (CC),520385,https://www.pcf.org.sg/sparkletots,www.pcf.org.sg,333,shared_operator_page_candidate,not_verified,https://www.pcf.org.sg/sparkletots,
CENTRE:ST0036,PCF Sparkletots Preschool @ Tampines Changkat Blk 273 (CC),520273,https://www.pcf.org.sg/sparkletots,www.pcf.org.sg,333,shared_operator_page_candidate,not_verified,https://www.pcf.org.sg/sparkletots,
CENTRE:ST0032,PCF Sparkletots Preschool @ Tampines Changkat Blk 112 (CC),521112,https://www.pcf.org.sg/sparkletots,www.pcf.org.sg,333,shared_operator_page_candidate,not_verified,https://www.pcf.org.sg/sparkletots,
CENTRE:SK0006,Skool4Kidz Preschool,521524,https://skool4kidz.com.sg/,skool4kidz.com.sg,28,shared_operator_page_candidate,not_verified,https://skool4kidz.com.sg/,
CENTRE:RC1903,Little Seeds Preschool,521159,https://www.littleseeds.edu.sg/,www.littleseeds.edu.sg,15,shared_operator_page_candidate,not_verified,https://www.littleseeds.edu.sg/,
CENTRE:PT9522,THE LITTLE SKOOL-HOUSE INTERNATIONAL PTE LTD,529541,https://www.littleskoolhouse.com/,www.littleskoolhouse.com,15,shared_operator_page_candidate,not_verified,https://www.littleskoolhouse.com/ | https://www.littleskoolhouse.com/our-centres/at-ocbc-tampines,
CENTRE:PT9463,STAR LEARNERS @ TAMPINES EAST PTE LTD,520297,https://starlearners.com.sg/our-centres/tampines-east,starlearners.com.sg,1,school_specific_candidate,not_verified,https://starlearners.com.sg/our-centres/tampines-east,
CENTRE:PT9273,Little Footprints Preschool Group Pte Ltd,520372,https://www.littlefootprints.edu.sg/,www.littlefootprints.edu.sg,37,shared_operator_page_candidate,not_verified,https://www.littlefootprints.edu.sg/,
CENTRE:PT9189,STAR LEARNERS @ TAMPINES PTE. LTD.,520241,https://starlearners.com.sg/our-centres/tampines,starlearners.com.sg,1,school_specific_candidate,not_verified,https://starlearners.com.sg/our-centres/tampines,
CENTRE:PT9119,SUNSHINE KIDS CARE CENTRE @ TAMPINES PTE. LTD.,521519,,,0,unavailable,unavailable,,
CENTRE:PT8546,Small Wonder Preschool Tampines East (Changkat),520305,https://www.smallwonderpreschool.com/,www.smallwonderpreschool.com,5,shared_operator_page_candidate,not_verified,https://www.smallwonderpreschool.com/,
CENTRE:PT8480,CARPE DIEM YOUNG HEARTS PTE. LTD.,520355,https://www.carpediem.com.sg/,www.carpediem.com.sg,15,shared_operator_page_candidate,not_verified,https://www.carpediem.com.sg/,
CENTRE:PT8461,CARPE DIEM YOUNG MINDS PTE. LTD.,520219,https://www.carpediem.com.sg/,www.carpediem.com.sg,15,shared_operator_page_candidate,not_verified,https://www.carpediem.com.sg/,
CENTRE:PT6100,LEARNING KIDZ EDUCARE PTE. LTD.,529653,https://www.learningkidz.com.sg/,www.learningkidz.com.sg,2,shared_operator_page_candidate,not_verified,https://www.learningkidz.com.sg/,
CENTRE:NT0489,MY FIRST SKOOL,520341,https://www.myfirstskool.com/tm4-lifesg,www.myfirstskool.com,1,school_specific_candidate,not_verified,https://www.myfirstskool.com/tm4-lifesg,
CENTRE:NT0280,MY FIRST SKOOL,522487,https://www.myfirstskool.com/tmc-lifesg,www.myfirstskool.com,1,school_specific_candidate,not_verified,https://www.myfirstskool.com/tmc-lifesg,
CENTRE:YM0197,MY WORLD PRESCHOOL LTD.,732781,https://www.myworld.org.sg/,www.myworld.org.sg,54,shared_operator_page_candidate,not_verified,https://www.myworld.org.sg/,
CENTRE:YM0160,MY WORLD PRESCHOOL LTD.,732787,https://www.myworld.org.sg/,www.myworld.org.sg,54,shared_operator_page_candidate,not_verified,https://www.myworld.org.sg/,
CENTRE:YM0154,MY WORLD PRESCHOOL LTD.,730725,https://www.myworld.org.sg/,www.myworld.org.sg,54,shared_operator_page_candidate,not_verified,https://www.myworld.org.sg/,
CENTRE:PT9343,LITTLE TREASURES CHILDCARE @ WDLS CIRCLE PTE LTD,730749,https://www.littletreasures.com.sg/,www.littletreasures.com.sg,3,shared_operator_page_candidate,not_verified,https://www.littletreasures.com.sg/,
CENTRE:NT0574,MY FIRST SKOOL,730676,https://www.myfirstskool.com/wdc07-lifesg,www.myfirstskool.com,1,school_specific_candidate,not_verified,https://www.myfirstskool.com/wdc07-lifesg,
CENTRE:YM0110,MY WORLD PRESCHOOL LTD.,520855,https://www.myworld.org.sg/,www.myworld.org.sg,54,shared_operator_page_candidate,not_verified,https://www.myworld.org.sg/,
CENTRE:PT9909,Ace @ Work Childcare Pte Ltd (TMP939),520939,https://www.aceatwork.com.sg/,www.aceatwork.com.sg,8,shared_operator_page_candidate,not_verified,https://www.aceatwork.com.sg/,
CENTRE:PT9782,ARTEMIS PRESKOOL @ TAMPINES,521866,https://artemispreskool.com/contact,artemispreskool.com,7,shared_operator_page_candidate,not_verified,https://artemispreskool.com/contact,
CENTRE:PT8963,Star Learners @ Tampines West Pte. Ltd.,520823,https://starlearners.com.sg/our-centres/tampines-west,starlearners.com.sg,1,school_specific_candidate,not_verified,https://starlearners.com.sg/our-centres/tampines-west,
CENTRE:PT7900,ELFA Preschool @ Tampines,521866,https://elfapreschools.com/singapore/tampines,elfapreschools.com,1,school_specific_candidate,not_verified,https://elfapreschools.com/singapore/tampines,
CENTRE:YM0050,MY WORLD PRESCHOOL LTD.,521113,https://www.myworld.org.sg/,www.myworld.org.sg,54,shared_operator_page_candidate,not_verified,https://www.myworld.org.sg/,
CENTRE:PT8140,LITTLE GREENHOUSE @ TAMPINES EAST PTE. LTD.,520473,https://www.littlegreenhouse.com.sg/,www.littlegreenhouse.com.sg,14,shared_operator_page_candidate,not_verified,https://www.littlegreenhouse.com.sg/,
CENTRE:ST0281,PCF Sparkletots Preschool @ Sengkang North Blk 206A (EY),541206,https://www.pcf.org.sg/sparkletots,www.pcf.org.sg,333,shared_operator_page_candidate,not_verified,https://www.pcf.org.sg/sparkletots,
CENTRE:ST0140,PCF Sparkletots Preschool @ Sengkang North Blk 262A (CC),541262,https://www.pcf.org.sg/sparkletots,www.pcf.org.sg,333,shared_operator_page_candidate,not_verified,https://www.pcf.org.sg/sparkletots,
CENTRE:ST0089,PCF Sparkletots Preschool @ Sengkang North Blk 298B (CC),542298,https://www.pcf.org.sg/sparkletots,www.pcf.org.sg,333,shared_operator_page_candidate,not_verified,https://www.pcf.org.sg/sparkletots,
CENTRE:ST0079,PCF Sparkletots Preschool @ Sengkang North Blk 290A (CC),541290,https://www.pcf.org.sg/sparkletots,www.pcf.org.sg,333,shared_operator_page_candidate,not_verified,https://www.pcf.org.sg/sparkletots,
CENTRE:PT9337,AGAPE LITTLE UNI COMPASSVALE,542293,,,0,unavailable,unavailable,,
CENTRE:PT9159,Little Footprints Preschool Pte Ltd,541201,https://www.littlefootprints.edu.sg/,www.littlefootprints.edu.sg,37,shared_operator_page_candidate,not_verified,https://www.littlefootprints.edu.sg/,
CENTRE:PT9153,Little Footprints Preschool Pte Ltd,544260,https://www.littlefootprints.edu.sg/,www.littlefootprints.edu.sg,37,shared_operator_page_candidate,not_verified,https://www.littlefootprints.edu.sg/,
CENTRE:PT8834,ESHKOL VALLEY @ SENGKANG PEARL PTE. LTD.,541212,,,0,unavailable,unavailable,,
CENTRE:NT0477,MY FIRST SKOOL,544203,https://www.myfirstskool.com/cv3-lifesg,www.myfirstskool.com,1,school_specific_candidate,not_verified,https://www.myfirstskool.com/cv3-lifesg,
CENTRE:NT0473,MY FIRST SKOOL,541295,https://www.myfirstskool.com/cv2-lifesg,www.myfirstskool.com,1,school_specific_candidate,not_verified,https://www.myfirstskool.com/cv2-lifesg,
CENTRE:NT0440,MY FIRST SKOOL,540230,https://www.myfirstskool.com/cvc-lifesg,www.myfirstskool.com,1,school_specific_candidate,not_verified,https://www.myfirstskool.com/cvc-lifesg,
CENTRE:YM0199,MY WORLD PRESCHOOL LTD.,540172,https://www.myworld.org.sg/,www.myworld.org.sg,54,shared_operator_page_candidate,not_verified,https://www.myworld.org.sg/,
CENTRE:ST0278,PCF Sparkletots Preschool @ Sengkang East Blk 103 (EY),540103,https://www.pcf.org.sg/sparkletots,www.pcf.org.sg,333,shared_operator_page_candidate,not_verified,https://www.pcf.org.sg/sparkletots,
CENTRE:ST0085,PCF Sparkletots Preschool @ Sengkang East Blk 123A (CC),541123,https://www.pcf.org.sg/sparkletots,www.pcf.org.sg,333,shared_operator_page_candidate,not_verified,https://www.pcf.org.sg/sparkletots,
CENTRE:ST0008,PCF Sparkletots Preschool @ Sengkang East Blk 194 (CC),540194,https://www.pcf.org.sg/sparkletots,www.pcf.org.sg,333,shared_operator_page_candidate,not_verified,https://www.pcf.org.sg/sparkletots,
CENTRE:PT9397,LITTLE FOOTPRINTS PRESCHOOL PTE. LTD.,546674,https://www.littlefootprints.edu.sg/,www.littlefootprints.edu.sg,37,shared_operator_page_candidate,not_verified,https://www.littlefootprints.edu.sg/,
CENTRE:PT9120,STAR LEARNERS @ RIVERVALE PTE LTD,540195,https://starlearners.com.sg/our-centres/sengkang-rivervale,starlearners.com.sg,1,school_specific_candidate,not_verified,https://starlearners.com.sg/our-centres/sengkang-rivervale,
CENTRE:NT0593,My First Skool,544576,https://www.myfirstskool.com/rvc03-lifesg,www.myfirstskool.com,1,school_specific_candidate,not_verified,https://www.myfirstskool.com/rvc03-lifesg,
CENTRE:NT0568,MY FIRST SKOOL,540164,https://www.myfirstskool.com/rvc02-lifesg,www.myfirstskool.com,1,school_specific_candidate,not_verified,https://www.myfirstskool.com/rvc02-lifesg,
CENTRE:NT0521,MY FIRST SKOOL,540153,https://www.myfirstskool.com/pwc-lifesg,www.myfirstskool.com,2,shared_operator_page_candidate,not_verified,https://www.myfirstskool.com/pwc-lifesg,
CENTRE:NT0370,MY FIRST SKOOL,540101,https://www.myfirstskool.com/skc-lifesg,www.myfirstskool.com,1,school_specific_candidate,not_verified,https://www.myfirstskool.com/skc-lifesg,
CENTRE:EB0003,E-BRIDGE PRE-SCHOOL PTE. LTD.,541178,https://info.e-bridge.edu.sg/registration-of-interest,info.e-bridge.edu.sg,23,shared_operator_page_candidate,not_verified,https://info.e-bridge.edu.sg/registration-of-interest,
CENTRE:EB0001,E-BRIDGE PRE-SCHOOL PTE. LTD.,541116,https://info.e-bridge.edu.sg/registration-of-interest,info.e-bridge.edu.sg,23,shared_operator_page_candidate,not_verified,https://info.e-bridge.edu.sg/registration-of-interest,
CENTRE:SK0040,SKOOL4KIDZ PRESCHOOL,570533,,,0,unavailable,unavailable,,
CENTRE:PT8587,PICKET FENCE @ TAMPINES PTE. LTD.,520817,https://www.pf-edu.com/,www.pf-edu.com,1,school_specific_candidate,not_verified,https://www.pf-edu.com/,
CENTRE:PT8352,SUNSHINE KIDS EDUCARE PRIVATE LIMITED,530321,https://www.sunshinekidseducare.online/,www.sunshinekidseducare.online,1,school_specific_candidate,not_verified,https://www.sunshinekidseducare.online/,
CENTRE:PT9922,Sunny Days Preschool,786015,,,0,unavailable,unavailable,,
CENTRE:RC1835,Soka Preschool,528888,https://www.sokapreschool.org/,www.sokapreschool.org,1,school_specific_candidate,not_verified,https://www.sokapreschool.org/,
CENTRE:RC1848,RIVERLIFE KINDERGARTEN,509026,https://www.riverlifekindergarten.org.sg/,www.riverlifekindergarten.org.sg,1,school_specific_candidate,not_verified,https://www.riverlifekindergarten.org.sg/,
CENTRE:PT4840,Pebble Place Development Centre,437565,https://www.pebbleplacedc.com/,www.pebbleplacedc.com,1,school_specific_candidate,not_verified,https://www.pebbleplacedc.com/,
CENTRE:PT9145,ORION PRESCHOOL,436959,https://www.orionpreschool.com.sg/,www.orionpreschool.com.sg,1,school_specific_candidate,not_verified,https://www.orionpreschool.com.sg/,
CENTRE:RC1150,MORIAH CHILD CARE AND DEVELOPMENT CENTRE,529974,https://www.moriahbpc.org/childcare,www.moriahbpc.org,1,school_specific_candidate,not_verified,https://www.moriahbpc.org/childcare,
CENTRE:PT9932,Lumina International School,119962,https://www.luminasg.com/,www.luminasg.com,1,school_specific_candidate,not_verified,https://www.luminasg.com/,
CENTRE:PT9692,Little Skittles International Preschool,438052,https://www.littleskittles.com.sg/,www.littleskittles.com.sg,1,school_specific_candidate,not_verified,https://www.littleskittles.com.sg/,
CENTRE:PT1090,KINDERCAMPUS (S) PTE LTD,359756,,,0,unavailable,unavailable,,
CENTRE:RC1680,KIDS' KINGDOM CHILD DEVELOPMENT AND LEARNING CENTRE,828850,http://www.kidskingdomcdlc.com/,www.kidskingdomcdlc.com,1,school_specific_candidate,not_verified,http://www.kidskingdomcdlc.com/,
CENTRE:RC1875,Jurong Calvary Kindergarten,618720,https://jurongcalvarykindergarten.com/,jurongcalvarykindergarten.com,1,school_specific_candidate,not_verified,https://jurongcalvarykindergarten.com/ | https://www.jck.edu.sg/,
CENTRE:PT9769,JHS Montessori,117488,,,0,unavailable,unavailable,,
CENTRE:PT5010,IDEAL MONTESSORI PTE LTD,357741,,,0,unavailable,unavailable,,
CENTRE:PT9523,GUG PRESCHOOL @ TAMPINES PTE LTD,529653,https://www.gugifted.com/,www.gugifted.com,1,school_specific_candidate,not_verified,https://www.gugifted.com/,
CENTRE:PT7800,GENIUS SCHOOL HOUSE,824637,https://www.geniusschoolhouse.com/,www.geniusschoolhouse.com,1,school_specific_candidate,not_verified,https://www.geniusschoolhouse.com/,
CENTRE:RC1799,David & Goliath Preschool,618744,https://www.davidgoliath.sg/,www.davidgoliath.sg,1,school_specific_candidate,not_verified,https://www.davidgoliath.sg/,
CENTRE:RC1754,CI AI EDUCATION INCUBATOR,822621,,,0,unavailable,unavailable,,
CENTRE:WP0300,CHANGI GENERAL HOSPITAL CHILD CARE CENTRE,529906,,,0,unavailable,unavailable,,
CENTRE:PT9585,Cedan Kindergarten,820198,https://www.cedankindergarten.com.sg/,www.cedankindergarten.com.sg,1,school_specific_candidate,not_verified,https://www.cedankindergarten.com.sg/,
CENTRE:PT9622,3HOUSE KINDERGARTEN (TAMPINES),520891,,,0,unavailable,unavailable,,
CENTRE:PT6860,EUREKA SCHOOLHOUSE PTE LTD,487127,,,0,unavailable,unavailable,,
CENTRE:PT9723,Greentree Montessori Children Cottage,769372,https://www.greentreemontessori.com/,www.greentreemontessori.com,5,shared_operator_page_candidate,not_verified,https://www.greentreemontessori.com/,
CENTRE:PT9474,Greentree Montessori Children Terrace Pte Ltd,574747,,,0,unavailable,unavailable,,
CENTRE:PT8853,Greentree Children Community Pte Ltd,769922,https://www.greentreemontessori.com/,www.greentreemontessori.com,5,shared_operator_page_candidate,not_verified,https://www.greentreemontessori.com/,
CENTRE:PT8541,Greentree Montessori Children House  Pte Ltd,574245,https://www.greentreemontessori.com/,www.greentreemontessori.com,5,shared_operator_page_candidate,not_verified,https://www.greentreemontessori.com/,
CENTRE:PT8518,GREENTREE MONTESSORI CHILDREN HUB PTE. LTD.,759130,https://www.greentreemontessori.com/,www.greentreemontessori.com,5,shared_operator_page_candidate,not_verified,https://www.greentreemontessori.com/,
CENTRE:PT9893,Emile Preschool @ APAC,319763,https://www.emilepreschool.com/,www.emilepreschool.com,2,shared_operator_page_candidate,not_verified,https://www.emilepreschool.com/,
CENTRE:PT9377,EMILE PRESCHOOL PTE. LTD.,536202,https://www.emilepreschool.com/,www.emilepreschool.com,2,shared_operator_page_candidate,not_verified,https://www.emilepreschool.com/,
CENTRE:PT9915,Eshkol Valley @ BP Pte Ltd,670537,https://www.eshkolvalley.com.sg/,www.eshkolvalley.com.sg,2,shared_operator_page_candidate,not_verified,https://www.eshkolvalley.com.sg/,
CENTRE:PT9852,Eshkol Valley @ PPCC Pte Ltd,118643,,,0,unavailable,unavailable,,
CENTRE:PT9205,Eshkol Valley @ Yishun Pte Ltd,768090,https://www.eshkolvalley.com.sg/,www.eshkolvalley.com.sg,2,shared_operator_page_candidate,not_verified,https://www.eshkolvalley.com.sg/,
CENTRE:PT9068,ESHKOL VALLEY @ NORTHSTAR PTE. LTD.,569880,https://eshkolvalley.com.sg/,eshkolvalley.com.sg,1,school_specific_candidate,not_verified,https://eshkolvalley.com.sg/,
CENTRE:PT9933,THE SCHOOLHOUSE PUNGGOL DIGITAL DISTRICT,829913,,,0,unavailable,unavailable,,
CENTRE:PT9366,The Schoolhouse West Coast,127309,https://theschoolhouse.com.sg/,theschoolhouse.com.sg,4,shared_operator_page_candidate,not_verified,https://theschoolhouse.com.sg/ | https://theschoolhouse.com.sg/west-coast,
CENTRE:PT8933,The Schoolhouse Sembawang (Sembawang Country Club),758352,,,0,unavailable,unavailable,,
CENTRE:PT8736,The Schoolhouse Dover,139659,https://theschoolhouse.com.sg/dover,theschoolhouse.com.sg,1,school_specific_candidate,not_verified,https://theschoolhouse.com.sg/dover,
CENTRE:PT8707,The Schoolhouse Alexandra,159919,,,0,unavailable,unavailable,,
CENTRE:PT8388,The Schoolhouse Katong,423935,https://www.theschoolhouse.com.sg/,www.theschoolhouse.com.sg,3,shared_operator_page_candidate,not_verified,https://www.theschoolhouse.com.sg/,
CENTRE:PT8374,The Schoolhouse Mount Emily,228126,https://theschoolhouse.com.sg/,theschoolhouse.com.sg,4,shared_operator_page_candidate,not_verified,https://theschoolhouse.com.sg/,
CENTRE:PT8040,The Schoolhouse Gentle Road,309198,https://theschoolhouse.com.sg/gentle-road,theschoolhouse.com.sg,1,school_specific_candidate,not_verified,https://theschoolhouse.com.sg/gentle-road,
CENTRE:PT1800,The Schoolhouse Buckley,309763,https://theschoolhouse.com.sg/,theschoolhouse.com.sg,4,shared_operator_page_candidate,not_verified,https://theschoolhouse.com.sg/,
CENTRE:PT9479,SMALL WONDER PRESCHOOL GAMBAS (NORDCOM II),757044,https://smallwonderpreschool.com/,smallwonderpreschool.com,9,shared_operator_page_candidate,not_verified,https://smallwonderpreschool.com/,
CENTRE:PT9456,Small Wonder Preschool Bukit Batok East,651296,,,0,unavailable,unavailable,,
CENTRE:PT9452,Small Wonder Preschool Pioneer,648965,,,0,unavailable,unavailable,,
CENTRE:PT9309,Small Wonder Preschool Bukit Panjang,670435,https://www.smallwonderpreschool.com/,www.smallwonderpreschool.com,5,shared_operator_page_candidate,not_verified,https://www.smallwonderpreschool.com/,
CENTRE:PT9085,Small Wonder Preschool Bukit Gombak,659003,https://smallwonderpreschool.com/,smallwonderpreschool.com,9,shared_operator_page_candidate,not_verified,https://smallwonderpreschool.com/,
CENTRE:PT8814,Small Wonder Preschool International Business Park,609930,,,0,unavailable,unavailable,,
CENTRE:PT8811,Small Wonder Preschool Choa Chu Kang,680253,http://www.smallwonderpreschool.com/,www.smallwonderpreschool.com,1,school_specific_candidate,not_verified,http://www.smallwonderpreschool.com/,
CENTRE:PT8743,Small Wonder Preschool Yishun (Street 71),760716,https://www.springbrainykidz.com/,www.springbrainykidz.com,1,school_specific_candidate,not_verified,https://www.springbrainykidz.com/,
CENTRE:PT8712,Small Wonder Preschool Yishun Central,760925,https://smallwonderpreschool.com/small-wonder-preschool-yishun-central,smallwonderpreschool.com,1,school_specific_candidate,not_verified,https://smallwonderpreschool.com/small-wonder-preschool-yishun-central,
CENTRE:PT8610,Small Wonder Preschool Nee Soon,760290,,,0,unavailable,unavailable,,
CENTRE:PT8438,Small Wonder Preschool Jurong East,600255,https://smallwonderpreschool.com/,smallwonderpreschool.com,9,shared_operator_page_candidate,not_verified,https://smallwonderpreschool.com/,
CENTRE:PT7250,Small Wonder Preschool Bukit Batok (Street 11),650159,https://smallwonderpreschool.com/,smallwonderpreschool.com,9,shared_operator_page_candidate,not_verified,https://smallwonderpreschool.com/,
CENTRE:PT9392,Agape Little Uni Upper Serangoon,538473,,,0,unavailable,unavailable,,
CENTRE:PT8794,AGAPE LITTLE UNI CLEMENTI,120453,https://www.agapelittleuni.com/,www.agapelittleuni.com,8,shared_operator_page_candidate,not_verified,https://www.agapelittleuni.com/,
CENTRE:PT8735,Agape Little Uni Thomson,573969,https://www.agapelittleuni.com/,www.agapelittleuni.com,8,shared_operator_page_candidate,not_verified,https://www.agapelittleuni.com/,
CENTRE:PT8553,Agape Little Uni Kallang,380005,https://www.agapelittleuni.com/,www.agapelittleuni.com,8,shared_operator_page_candidate,not_verified,https://www.agapelittleuni.com/,
CENTRE:PT8405,AGAPE LITTLE UNI COMMONWEALTH,149598,https://www.agapelittleuni.com/,www.agapelittleuni.com,8,shared_operator_page_candidate,not_verified,https://www.agapelittleuni.com/,
CENTRE:PT6080,Agape Little Uni Jurong West,644274,https://www.agapelittleuni.com/,www.agapelittleuni.com,8,shared_operator_page_candidate,not_verified,https://www.agapelittleuni.com/,
CENTRE:PT5900,AGAPE LITTLE UNI SENGKANG,542325,https://www.agapelittleuni.com/,www.agapelittleuni.com,8,shared_operator_page_candidate,not_verified,https://www.agapelittleuni.com/,
CENTRE:PT3050,Agape Little Uni Choa Chu Kang,680789,https://www.agapelittleuni.com/,www.agapelittleuni.com,8,shared_operator_page_candidate,not_verified,https://www.agapelittleuni.com/,
CENTRE:PT9872,EtonHouse Garden School by the Bay,18953,,,0,unavailable,unavailable,,
CENTRE:NT0542,MY FIRST SKOOL,797621,https://www.myfirstskool.com/swc-lifesg,www.myfirstskool.com,1,school_specific_candidate,not_verified,https://www.myfirstskool.com/swc-lifesg,
CENTRE:PT9801,Camelot Learning Centre Pte Ltd,428918,https://www.camelotlearnngcentre.sg/,www.camelotlearnngcentre.sg,1,school_specific_candidate,not_verified,https://www.camelotlearnngcentre.sg/,
CENTRE:PT9584,HANIS Montessori Kindergarten ( Tampines ),520374,https://ehanis.com/,ehanis.com,5,shared_operator_page_candidate,not_verified,https://ehanis.com/,
CENTRE:NT0493,MY FIRST SKOOL,320111,https://www.myfirstskool.com/mnc-lifesg,www.myfirstskool.com,1,school_specific_candidate,not_verified,https://www.myfirstskool.com/mnc-lifesg,
CENTRE:PT9335,STAR LEARNERS @ SENGKANG WEST PTE LTD,809442,https://starlearners.com.sg/our-centres/sengkang-west,starlearners.com.sg,1,school_specific_candidate,not_verified,https://starlearners.com.sg/our-centres/sengkang-west,
CENTRE:PT9954,Marist Preschool Pte Ltd,549404,,,0,unavailable,unavailable,,
CENTRE:ST0355,PCF Sparkletots Preschool @ Nee Soon Central Blk 737 (DS),760737,https://www.pcf.org.sg/sparkletots,www.pcf.org.sg,333,shared_operator_page_candidate,not_verified,https://www.pcf.org.sg/sparkletots,
CENTRE:RC1922,New Life Preschool @ Pasir Ris,510214,https://www.newlifepreschool.sg/,www.newlifepreschool.sg,8,shared_operator_page_candidate,not_verified,https://www.newlifepreschool.sg/,
CENTRE:RC1921,New Life Preschool @ Bishan,570185,https://www.newlifepreschool.sg/,www.newlifepreschool.sg,8,shared_operator_page_candidate,not_verified,https://www.newlifepreschool.sg/,
CENTRE:RC1920,New Life Preschool @ Bukit Gombak,650531,https://www.newlifepreschool.sg/,www.newlifepreschool.sg,8,shared_operator_page_candidate,not_verified,https://www.newlifepreschool.sg/,
CENTRE:RC1913,7oaks Preschool - Tampines,520265,,,0,unavailable,unavailable,,
CENTRE:PT9180,Small Wonder Preschool Bukit Timah,588179,https://www.smallwonderpreschool.com/,www.smallwonderpreschool.com,5,shared_operator_page_candidate,not_verified,https://www.smallwonderpreschool.com/,
CENTRE:ST0380,PCF Sparkletots Preschool @ Nee Soon Link Blk 461 (EY),760461,https://www.pcf.org.sg/sparkletots,www.pcf.org.sg,333,shared_operator_page_candidate,not_verified,https://www.pcf.org.sg/sparkletots,
CENTRE:ST0249,PCF Sparkletots Preschool @ Eunos Blk 616 (KN),470616,https://www.pcf.org.sg/sparkletots,www.pcf.org.sg,333,shared_operator_page_candidate,not_verified,https://www.pcf.org.sg/sparkletots,
CENTRE:PT8501,IMAN CHILDCARE (SIMEI) PTE. LTD.,520154,https://www.iman.edu.sg/centres,www.iman.edu.sg,7,shared_operator_page_candidate,not_verified,https://www.iman.edu.sg/centres,
CENTRE:PT9023,Little Footprints Preschool Group Pte Ltd,550255,https://littlefootprints.edu.sg/,littlefootprints.edu.sg,10,shared_operator_page_candidate,not_verified,https://littlefootprints.edu.sg/,
CENTRE:PT9234,Little Footprints Preschool Group Pte Ltd,90113,https://www.littlefootprints.edu.sg/,www.littlefootprints.edu.sg,37,shared_operator_page_candidate,not_verified,https://www.littlefootprints.edu.sg/,
CENTRE:PT8437,Mosaic Preschool Siglap Pte Ltd,459210,https://www.mosaicpreschool.sg/,www.mosaicpreschool.sg,2,shared_operator_page_candidate,not_verified,https://www.mosaicpreschool.sg/,
CENTRE:PT9208,THE GLITTER RAINBOW SKOOL PTE. LTD.,768159,https://www.theglitterrainbowskool.com/,www.theglitterrainbowskool.com,1,school_specific_candidate,not_verified,https://www.theglitterrainbowskool.com/,
CENTRE:PT8596,LITTLE BIG PRE-SCHOOL PTE. LTD.,423797,https://www.littlebig.com.sg/,www.littlebig.com.sg,1,school_specific_candidate,not_verified,https://www.littlebig.com.sg/,
CENTRE:ST0153,PCF SPARKLETOTS PRESCHOOL @ TAMAN JURONG BLK 161 (CC),610161,https://www.pcf.org.sg/sparkletots,www.pcf.org.sg,333,shared_operator_page_candidate,not_verified,https://www.pcf.org.sg/sparkletots,
CENTRE:NT0330,MY FIRST SKOOL,530950,https://www.myfirstskool.com/psc-lifesg,www.myfirstskool.com,1,school_specific_candidate,not_verified,https://www.myfirstskool.com/psc-lifesg,
CENTRE:PT9610,AL-NASRY@SENGKANG SOUTH KINDERGARTEN,530541,https://n.a/,n.a,1,school_specific_candidate,not_verified,https://n.a/,
CENTRE:PT9805,MULBERRY LEARNING @ BUKIT BATOK,659591,https://www.mulberrylearningbb.com/,www.mulberrylearningbb.com,1,school_specific_candidate,not_verified,https://www.mulberrylearningbb.com/,
CENTRE:PT9884,Mulberry Learning Centre @ Clarke Quay Pte Ltd,58416,https://preschool.mulberrylearning.com/,preschool.mulberrylearning.com,1,school_specific_candidate,not_verified,https://preschool.mulberrylearning.com/,
CENTRE:NT0110,MY FIRST SKOOL,310192,https://www.myfirstskool.com/tpc-lifesg,www.myfirstskool.com,1,school_specific_candidate,not_verified,https://www.myfirstskool.com/tpc-lifesg,
CENTRE:NT0010,MY FIRST SKOOL,460419,https://www.myfirstskool.com/bcc-lifesg,www.myfirstskool.com,1,school_specific_candidate,not_verified,https://www.myfirstskool.com/bcc-lifesg,
CENTRE:NC0001,MY FIRST SKOOL,648331,https://www.myfirstskool.com/jpc-lifesg,www.myfirstskool.com,1,school_specific_candidate,not_verified,https://www.myfirstskool.com/jpc-lifesg,
CENTRE:NT0560,MY FIRST SKOOL,513524,https://www.myfirstskool.com/pr5-lifesg,www.myfirstskool.com,1,school_specific_candidate,not_verified,https://www.myfirstskool.com/pr5-lifesg,
CENTRE:YM0205,MY WORLD PRESCHOOL LTD.,310269,https://www.myworld.org.sg/,www.myworld.org.sg,54,shared_operator_page_candidate,not_verified,https://www.myworld.org.sg/,
CENTRE:YM0204,MY WORLD PRESCHOOL LTD.,730567,,,0,unavailable,unavailable,,
CENTRE:YM0203,MY WORLD PRESCHOOL LTD.,690224,,,0,unavailable,unavailable,,
CENTRE:YM0202,MY WORLD PRESCHOOL LTD.,690219,,,0,unavailable,unavailable,,
CENTRE:YM0201,MY WORLD PRESCHOOL LTD.,640239,,,0,unavailable,unavailable,,
CENTRE:YM0200,MY WORLD PRESCHOOL LTD.,822433,https://www.myworld.org.sg/,www.myworld.org.sg,54,shared_operator_page_candidate,not_verified,https://www.myworld.org.sg/,
CENTRE:YM0198,MY WORLD PRESCHOOL LTD.,823654,https://www.myworld.org.sg/,www.myworld.org.sg,54,shared_operator_page_candidate,not_verified,https://www.myworld.org.sg/,
CENTRE:YM0196,MY WORLD PRESCHOOL LTD.,680819,https://www.myworld.org.sg/,www.myworld.org.sg,54,shared_operator_page_candidate,not_verified,https://www.myworld.org.sg/,
CENTRE:YM0195,MY WORLD PRESCHOOL LTD.,140040,https://www.myworld.org.sg/,www.myworld.org.sg,54,shared_operator_page_candidate,not_verified,https://www.myworld.org.sg/,
CENTRE:YM0194,MY WORLD PRESCHOOL LTD.,820420,https://www.myworld.org.sg/,www.myworld.org.sg,54,shared_operator_page_candidate,not_verified,https://www.myworld.org.sg/,
CENTRE:YM0193,MY WORLD PRESCHOOL LTD.,651463,https://www.myworld.org.sg/,www.myworld.org.sg,54,shared_operator_page_candidate,not_verified,https://www.myworld.org.sg/,
CENTRE:YM0192,MY WORLD PRESCHOOL LTD,520610,https://www.myworld.org.sg/,www.myworld.org.sg,54,shared_operator_page_candidate,not_verified,https://www.myworld.org.sg/,
CENTRE:YM0191,MY WORLD PRESCHOOL LTD,530993,https://www.myworld.org.sg/,www.myworld.org.sg,54,shared_operator_page_candidate,not_verified,https://www.myworld.org.sg/,
CENTRE:YM0190,MY WORLD PRESCHOOL LTD,760478,https://www.myworld.org.sg/,www.myworld.org.sg,54,shared_operator_page_candidate,not_verified,https://www.myworld.org.sg/,
CENTRE:YM0189,MY WORLD PRESCHOOL LTD,650463,https://www.myworld.org.sg/,www.myworld.org.sg,54,shared_operator_page_candidate,not_verified,https://www.myworld.org.sg/,
CENTRE:YM0188,MY WORLD PRESCHOOL LTD,520613,https://www.myworld.org.sg/,www.myworld.org.sg,54,shared_operator_page_candidate,not_verified,https://www.myworld.org.sg/,
CENTRE:YM0187,MY WORLD PRESCHOOL LTD,750132,https://www.myworld.org.sg/,www.myworld.org.sg,54,shared_operator_page_candidate,not_verified,https://www.myworld.org.sg/,
CENTRE:YM0186,MY WORLD PRESCHOOL LTD.,90029,https://www.myworld.org.sg/,www.myworld.org.sg,54,shared_operator_page_candidate,not_verified,https://www.myworld.org.sg/,
CENTRE:YM0185,MY WORLD PRESCHOOL LTD.,550504,https://www.myworld.org.sg/,www.myworld.org.sg,54,shared_operator_page_candidate,not_verified,https://www.myworld.org.sg/,
CENTRE:YM0184,MY WORLD PRESCHOOL LTD,342106,https://www.myworld.org.sg/,www.myworld.org.sg,54,shared_operator_page_candidate,not_verified,https://www.myworld.org.sg/,
CENTRE:YM0183,MY WORLD PRESCHOOL LTD,650460,https://www.myworld.org.sg/,www.myworld.org.sg,54,shared_operator_page_candidate,not_verified,https://www.myworld.org.sg/,
CENTRE:YM0176,MY WORLD PRESCHOOL LTD,753362,https://www.myworld.org.sg/,www.myworld.org.sg,54,shared_operator_page_candidate,not_verified,https://www.myworld.org.sg/,
CENTRE:YM0175,MY WORLD PRESCHOOL LTD,731183,https://www.myworld.org.sg/,www.myworld.org.sg,54,shared_operator_page_candidate,not_verified,https://www.myworld.org.sg/,
CENTRE:YM0174,MY WORLD PRESCHOOL LTD,821232,https://www.myworld.org.sg/,www.myworld.org.sg,54,shared_operator_page_candidate,not_verified,https://www.myworld.org.sg/,
CENTRE:YM0173,MY WORLD PRESCHOOL LTD,540338,https://www.myworld.org.sg/,www.myworld.org.sg,54,shared_operator_page_candidate,not_verified,https://www.myworld.org.sg/,
CENTRE:YM0172,MY WORLD PRESCHOOL LTD,760675,https://www.myworld.org.sg/,www.myworld.org.sg,54,shared_operator_page_candidate,not_verified,https://www.myworld.org.sg/,
CENTRE:YM0171,MY WORLD PRESCHOOL LTD,321113,https://www.myworld.org.sg/,www.myworld.org.sg,54,shared_operator_page_candidate,not_verified,https://www.myworld.org.sg/,
CENTRE:YM0170,MY WORLD PRESCHOOL LTD,320116,https://www.myworld.org.sg/,www.myworld.org.sg,54,shared_operator_page_candidate,not_verified,https://www.myworld.org.sg/,
CENTRE:YM0169,MY WORLD PRESCHOOL LTD.,763502,https://www.myworld.org.sg/,www.myworld.org.sg,54,shared_operator_page_candidate,not_verified,https://www.myworld.org.sg/,
CENTRE:YM0168,MY WORLD PRESCHOOL LTD.,822661,https://www.myworld.org.sg/,www.myworld.org.sg,54,shared_operator_page_candidate,not_verified,https://www.myworld.org.sg/,
CENTRE:YM0167,MY WORLD PRESCHOOL LTD,820121,https://www.myworld.org.sg/,www.myworld.org.sg,54,shared_operator_page_candidate,not_verified,https://www.myworld.org.sg/,
CENTRE:YM0166,MY WORLD PRESCHOOL LTD,531376,https://www.myworld.org.sg/,www.myworld.org.sg,54,shared_operator_page_candidate,not_verified,https://www.myworld.org.sg/,
CENTRE:YM0165,MY WORLD PRESCHOOL LTD.,600055,https://www.myworld.org.sg/,www.myworld.org.sg,54,shared_operator_page_candidate,not_verified,https://www.myworld.org.sg/,
CENTRE:YM0164,MY WORLD PRESCHOOL LTD.,533476,https://www.myworld.org.sg/,www.myworld.org.sg,54,shared_operator_page_candidate,not_verified,https://www.myworld.org.sg/,
CENTRE:YM0163,MY WORLD PRESCHOOL LTD.,750462,https://www.myworld.org.sg/,www.myworld.org.sg,54,shared_operator_page_candidate,not_verified,https://www.myworld.org.sg/,
CENTRE:YM0162,MY WORLD PRESCHOOL LTD.,562700,https://www.myworld.org.sg/,www.myworld.org.sg,54,shared_operator_page_candidate,not_verified,https://www.myworld.org.sg/,
CENTRE:YM0161,MY WORLD PRESCHOOL LTD.,163009,https://www.myworld.org.sg/,www.myworld.org.sg,54,shared_operator_page_candidate,not_verified,https://www.myworld.org.sg/,
CENTRE:YM0159,MY WORLD PRESCHOOL LTD.,760270,https://www.myworld.org.sg/,www.myworld.org.sg,54,shared_operator_page_candidate,not_verified,https://www.myworld.org.sg/,
CENTRE:YM0158,MY WORLD PRESCHOOL LTD.,320014,https://www.myworld.org.sg/,www.myworld.org.sg,54,shared_operator_page_candidate,not_verified,https://www.myworld.org.sg/,
CENTRE:YM0157,MY WORLD PRESCHOOL LTD.,150052,https://www.myworld.org.sg/,www.myworld.org.sg,54,shared_operator_page_candidate,not_verified,https://www.myworld.org.sg/,
CENTRE:YM0156,MY WORLD PRESCHOOL LTD.,753350,https://www.myworld.org.sg/,www.myworld.org.sg,54,shared_operator_page_candidate,not_verified,https://www.myworld.org.sg/,
CENTRE:YM0155,MY WORLD PRESCHOOL LTD.,542281,https://www.myworld.org.sg/,www.myworld.org.sg,54,shared_operator_page_candidate,not_verified,https://www.myworld.org.sg/,
CENTRE:YM0152,MY WORLD PRESCHOOL LTD.,330004,https://www.myworld.org.sg/,www.myworld.org.sg,54,shared_operator_page_candidate,not_verified,https://www.myworld.org.sg/,
CENTRE:YM0140,MY WORLD PRESCHOOL LTD.,730863,https://www.myworld.org.sg/,www.myworld.org.sg,54,shared_operator_page_candidate,not_verified,https://www.myworld.org.sg/,
CENTRE:YM0130,MY WORLD PRESCHOOL LTD.,510575,https://www.myworld.org.sg/,www.myworld.org.sg,54,shared_operator_page_candidate,not_verified,https://www.myworld.org.sg/,
CENTRE:PT9606,ZULFA KINDERGARTEN @ PASIR RIS PTE LTD,510626,,,0,unavailable,unavailable,,
CENTRE:YM0100,MY WORLD PRESCHOOL LTD.,520123,https://www.myworld.org.sg/,www.myworld.org.sg,54,shared_operator_page_candidate,not_verified,https://www.myworld.org.sg/,
CENTRE:YM0090,MY WORLD PRESCHOOL LTD.,560584,https://www.myworld.org.sg/,www.myworld.org.sg,54,shared_operator_page_candidate,not_verified,https://www.myworld.org.sg/,
CENTRE:YM0080,MY WORLD PRESCHOOL LTD.,760760,https://www.myworld.org.sg/,www.myworld.org.sg,54,shared_operator_page_candidate,not_verified,https://www.myworld.org.sg/,
CENTRE:YM0070,MY WORLD PRESCHOOL LTD.,670217,https://www.myworld.org.sg/,www.myworld.org.sg,54,shared_operator_page_candidate,not_verified,https://www.myworld.org.sg/,
CENTRE:SK0039,SKOOL4KIDZ PRESCHOOL,690318,,,0,unavailable,unavailable,,
CENTRE:PT6330,Little Greenhouse @ Rivervale SB Pte Ltd,541122,http://www.sunbird.com.sg/,www.sunbird.com.sg,1,school_specific_candidate,not_verified,http://www.sunbird.com.sg/,
CENTRE:ST0151,PCF SPARKLETOTS PRESCHOOL @ CHONG PANG BLK 277 (CC),760277,https://www.pcf.org.sg/sparkletots,www.pcf.org.sg,333,shared_operator_page_candidate,not_verified,https://www.pcf.org.sg/sparkletots,
CENTRE:YM0060,MY WORLD PRESCHOOL LTD.,570171,https://www.myworld.org.sg/,www.myworld.org.sg,54,shared_operator_page_candidate,not_verified,https://www.myworld.org.sg/,
CENTRE:ST0297,PCF Sparkletots Preschool @ Ayer Rajah Blk 48 (DS),600048,https://www.pcf.org.sg/sparkletots,www.pcf.org.sg,333,shared_operator_page_candidate,not_verified,https://www.pcf.org.sg/sparkletots,
CENTRE:YM0030,MY WORLD PRESCHOOL LTD.,530373,https://www.myworld.org.sg/,www.myworld.org.sg,54,shared_operator_page_candidate,not_verified,https://www.myworld.org.sg/,
CENTRE:PT9955,Mulberry Learning @ Lucky Heights,467614,,,0,unavailable,unavailable,,
CENTRE:NT0609,MY FIRST SKOOL,361206,https://www.myfirstskool.com/,www.myfirstskool.com,7,shared_operator_page_candidate,not_verified,https://www.myfirstskool.com/,
CENTRE:PT3100,LITTLE FOOTPRINTS PRESCHOOL ASIA PTE. LTD.,682803,https://www.littlefootprints.edu.sg/,www.littlefootprints.edu.sg,37,shared_operator_page_candidate,not_verified,https://www.littlefootprints.edu.sg/,
CENTRE:PT7720,Sunflower Preschool @ Dakota Pte Ltd,390049,https://www.sunflowerkid.com/,www.sunflowerkid.com,26,shared_operator_page_candidate,not_verified,https://www.sunflowerkid.com/,
CENTRE:PT9871,KIDDIWINKIE SCHOOLHOUSE @ JURONG GATEWAY,608512,,,0,unavailable,unavailable,,
CENTRE:EB0020,E-Bridge Pre-School Pte Ltd,142095,https://info.e-bridge.edu.sg/registration-of-interest,info.e-bridge.edu.sg,23,shared_operator_page_candidate,not_verified,https://info.e-bridge.edu.sg/registration-of-interest,
CENTRE:PT8935,STAR LEARNERS @ TANJONG PAGAR PTE. LTD.,82001,https://starlearners.com.sg/our-centres/tanjong-pagar,starlearners.com.sg,1,school_specific_candidate,not_verified,https://starlearners.com.sg/our-centres/tanjong-pagar,
CENTRE:NT0516,MY FIRST SKOOL,649882,https://www.myfirstskool.com/bl4-lifesg,www.myfirstskool.com,2,shared_operator_page_candidate,not_verified,https://www.myfirstskool.com/bl4-lifesg,
CENTRE:ST0417,PCF Sparkletots Preschool @ Brickland Blk 300 (CC),690300,https://www.pcf.org.sg/sparkletots,www.pcf.org.sg,333,shared_operator_page_candidate,not_verified,https://www.pcf.org.sg/sparkletots,
CENTRE:ST0416,PCF Sparkletots Preschool @ MacPherson Blk 100 (CC),370100,https://www.pcf.org.sg/sparkletots,www.pcf.org.sg,333,shared_operator_page_candidate,not_verified,https://www.pcf.org.sg/sparkletots,
CENTRE:ST0122,PCF SPARKLETOTS PRESCHOOL @ SENGKANG CENTRAL BLK 208 (CC),540208,https://www.pcf.org.sg/sparkletots,www.pcf.org.sg,333,shared_operator_page_candidate,not_verified,https://www.pcf.org.sg/sparkletots,
CENTRE:ST0242,PCF Sparkletots Preschool @ Fengshan Blk 126 (DS),460126,https://www.pcf.org.sg/sparkletots,www.pcf.org.sg,333,shared_operator_page_candidate,not_verified,https://www.pcf.org.sg/sparkletots,
CENTRE:ST0173,PCF SPARKLETOTS PRESCHOOL @ KEAT HONG BLK 484 (CC),680484,https://www.pcf.org.sg/sparkletots,www.pcf.org.sg,333,shared_operator_page_candidate,not_verified,https://www.pcf.org.sg/sparkletots,
CENTRE:ST0320,PCF Sparkletots Preschool @ Bukit Gombak Blk 535 (DS),650535,https://www.pcf.org.sg/sparkletots,www.pcf.org.sg,333,shared_operator_page_candidate,not_verified,https://www.pcf.org.sg/sparkletots,
CENTRE:ST0274,PCF Sparkletots Preschool @ Ang Mo Kio-Hougang Blk 632 (DS),530632,https://www.pcf.org.sg/sparkletots,www.pcf.org.sg,333,shared_operator_page_candidate,not_verified,https://www.pcf.org.sg/sparkletots,
CENTRE:PT9605,ZULFA KINDERGARTEN @ SEMBAWANG MART PTE LTD,750511,,,0,unavailable,unavailable,,
CENTRE:PT9603,ZULFA KINDERGARTEN @ JURONG WEST,640717,,,0,unavailable,unavailable,,
CENTRE:PT9607,ZULFA KINDERGARTEN @ CHOA CHU KANG PTE LTD,680445,,,0,unavailable,unavailable,,
CENTRE:ST0271,PCF Sparkletots Preschool @ Bedok Reservoir-Punggol Blk 414 (DS),530414,https://www.pcf.org.sg/sparkletots,www.pcf.org.sg,333,shared_operator_page_candidate,not_verified,https://www.pcf.org.sg/sparkletots,
CENTRE:RC1898,Tzu Chi Great Love Preschool (Toa Payoh),319642,https://preschool.tzuchi.org.sg/,preschool.tzuchi.org.sg,3,shared_operator_page_candidate,not_verified,https://preschool.tzuchi.org.sg/,
CENTRE:RC1769,Tzu Chi Great Love Preschool (Sengkang),794430,https://preschool.tzuchi.org.sg/,preschool.tzuchi.org.sg,3,shared_operator_page_candidate,not_verified,https://preschool.tzuchi.org.sg/,
CENTRE:RC1759,Tzu Chi Great Love Preschool (Yishun),760703,https://preschool.tzuchi.org.sg/,preschool.tzuchi.org.sg,3,shared_operator_page_candidate,not_verified,https://preschool.tzuchi.org.sg/,
CENTRE:PT9078,CHILDFIRST@TAMPINES PTE. LTD.,529540,https://childfirst.com.sg/,childfirst.com.sg,2,shared_operator_page_candidate,not_verified,https://childfirst.com.sg/,
CENTRE:PT6200,SWEETLANDS CHILDCARE WOODLANDS 608 PTE. LTD.,730608,https://www.sweetlands.com/,www.sweetlands.com,6,shared_operator_page_candidate,not_verified,https://www.sweetlands.com/,
CENTRE:PT9571,RH Positive Montessori Kindergarten (Linden Drive),288712,https://www.rhpmedu.com/,www.rhpmedu.com,3,shared_operator_page_candidate,not_verified,https://www.rhpmedu.com/,
CENTRE:PT8379,RAFFLES HOUSE PRESCHOOL (ROBIN CLOSE),258297,https://www.raffleshouse.com/,www.raffleshouse.com,1,school_specific_candidate,not_verified,https://www.raffleshouse.com/,
CENTRE:PT9534,SUPERGENIUS PRESCHOOL HBB PTE. LTD.,469662,https://www.supergenius.sg/,www.supergenius.sg,2,shared_operator_page_candidate,not_verified,https://www.supergenius.sg/,
CENTRE:PT9718,SUPERGENIUS PRESCHOOL OASIS PTE. LTD.,820681,https://www.supergenius.sg/,www.supergenius.sg,2,shared_operator_page_candidate,not_verified,https://www.supergenius.sg/,
CENTRE:ST0415,PCF Sparkletots Preschool @ Tengah Blk 126B (CC),692126,https://www.pcf.org.sg/sparkletots,www.pcf.org.sg,333,shared_operator_page_candidate,not_verified,https://www.pcf.org.sg/sparkletots,
CENTRE:SK0026,Skool4Kidz Preschool,828629,https://skool4kidz.com.sg/,skool4kidz.com.sg,28,shared_operator_page_candidate,not_verified,https://skool4kidz.com.sg/,
CENTRE:SK0033,Skool4Kidz Preschool,790465,https://skool4kidz.com.sg/,skool4kidz.com.sg,28,shared_operator_page_candidate,not_verified,https://skool4kidz.com.sg/,
CENTRE:PT9668,GATE Junior Preschool,467905,https://www.gatejunior.com/,www.gatejunior.com,2,shared_operator_page_candidate,not_verified,https://www.gatejunior.com/,
CENTRE:PW0122,Little Olive Tree,510561,https://www.littleolivetree.edu.sg/,www.littleolivetree.edu.sg,11,shared_operator_page_candidate,not_verified,https://www.littleolivetree.edu.sg/,
CENTRE:SK0031,Skool4Kidz Preschool,400357,https://skool4kidz.com.sg/,skool4kidz.com.sg,28,shared_operator_page_candidate,not_verified,https://skool4kidz.com.sg/,
CENTRE:PT9573,HANIS Montessori Playhouse ( Woodlands ),730424,https://ehanis.com/,ehanis.com,5,shared_operator_page_candidate,not_verified,https://ehanis.com/,
CENTRE:PT9623,COCO-RO LEARNING HOUSE,239850,https://www.coco-ro.org/,www.coco-ro.org,1,school_specific_candidate,not_verified,https://www.coco-ro.org/,
CENTRE:PT9486,Raffles Kidz @ Jurong West,618640,https://www.raffleskidz.com/,www.raffleskidz.com,7,shared_operator_page_candidate,not_verified,https://www.raffleskidz.com/,
CENTRE:SK0029,Skool4Kidz Preschool,361214,https://skool4kidz.com.sg/,skool4kidz.com.sg,28,shared_operator_page_candidate,not_verified,https://skool4kidz.com.sg/,
CENTRE:PT9732,Milagros de Montessori School - Queens Close,140021,https://www.milagrosmontessori.com/,www.milagrosmontessori.com,1,school_specific_candidate,not_verified,https://www.milagrosmontessori.com/,
CENTRE:PT8907,TWINKLEKIDZ ACADEMY PTE. LTD.,458493,https://www.twinklekidz.com/,www.twinklekidz.com,4,shared_operator_page_candidate,not_verified,https://www.twinklekidz.com/,
CENTRE:SK0024,Skool4Kidz Preschool,797383,https://skool4kidz.com.sg/,skool4kidz.com.sg,28,shared_operator_page_candidate,not_verified,https://skool4kidz.com.sg/,
CENTRE:PT8660,Bucket House Preschool @ Sims Avenue,387606,https://www.buckethousepreschool.com/,www.buckethousepreschool.com,2,shared_operator_page_candidate,not_verified,https://www.buckethousepreschool.com/,
CENTRE:SK0015,Skool4Kidz Preschool,752128,https://skool4kidz.com.sg/,skool4kidz.com.sg,28,shared_operator_page_candidate,not_verified,https://skool4kidz.com.sg/,
CENTRE:PT9394,Changemakers Academy Explorer,18989,,,0,unavailable,unavailable,,
CENTRE:PT9058,SWEETLANDS CHILDCARE WOODLANDS 886C PTE. LTD.,733886,https://www.sweetlands.com/,www.sweetlands.com,6,shared_operator_page_candidate,not_verified,https://www.sweetlands.com/,
CENTRE:PT8810,SWEETLANDS CHILDCARE JW 484 PTE. LTD.,640484,https://www.sweetlands.com/,www.sweetlands.com,6,shared_operator_page_candidate,not_verified,https://www.sweetlands.com/,
CENTRE:PT8800,SWEETLANDS CHILDCARE PUNGGOL 612 PTE. LTD.,820612,https://www.sweetlands.com/,www.sweetlands.com,6,shared_operator_page_candidate,not_verified,https://www.sweetlands.com/,
CENTRE:PT3250,SWEETLANDS CHILDCARE WOODLANDS 896B PTE. LTD.,731896,https://www.sweetlands.com/,www.sweetlands.com,6,shared_operator_page_candidate,not_verified,https://www.sweetlands.com/,
CENTRE:PT2240,SWEETLANDS CHILDCARE JE 316 PTE. LTD.,600316,https://www.sweetlands.com/,www.sweetlands.com,6,shared_operator_page_candidate,not_verified,https://www.sweetlands.com/,
CENTRE:PT9093,HI-5 HOUSE OF LEARNING(HOL) PRESCHOOL@JOO SENG PTE. LTD.,360017,https://school.hi-5world.com/,school.hi-5world.com,1,school_specific_candidate,not_verified,https://school.hi-5world.com/,
CENTRE:EB0023,E-Bridge Pre-School Pte Ltd,790460,https://info.e-bridge.edu.sg/registration-of-interest,info.e-bridge.edu.sg,23,shared_operator_page_candidate,not_verified,https://info.e-bridge.edu.sg/registration-of-interest,
CENTRE:PT9311,NASHWA CHILDCARE CENTRE PTE. LTD.,640406,https://www.facebook.com/profile.php?id=100063876975959,www.facebook.com,1,social_page_candidate,not_verified,https://www.facebook.com/profile.php?id=100063876975959,
CENTRE:NT0607,MY FIRST SKOOL,310267,https://www.myfirstskool.com/kkc02-lifesg,www.myfirstskool.com,1,school_specific_candidate,not_verified,https://www.myfirstskool.com/kkc02-lifesg,
CENTRE:PT8874,AMAZING STAR MONTESSORI HOUSE (CCK),680511,https://www.amazingstar.sg/,www.amazingstar.sg,4,shared_operator_page_candidate,not_verified,https://www.amazingstar.sg/,
CENTRE:PT7490,AMAZING STAR MONTESSORI HOUSE (GREENRIDGE),671524,https://www.amazingstar.sg/,www.amazingstar.sg,4,shared_operator_page_candidate,not_verified,https://www.amazingstar.sg/,
CENTRE:ST0194,PCF Sparkletots Preschool @ Sembawang Central Blk 503C (EY),753503,https://www.pcf.org.sg/sparkletots,www.pcf.org.sg,333,shared_operator_page_candidate,not_verified,https://www.pcf.org.sg/sparkletots,
CENTRE:PT9201,Amazing Star Montessori - Yishun,763315,https://www.amazingstar.sg/,www.amazingstar.sg,4,shared_operator_page_candidate,not_verified,https://www.amazingstar.sg/,
CENTRE:PT9468,MINDCHAMPS PRESCHOOL @ BUONA VISTA PTE LTD,138623,,,0,unavailable,unavailable,,
CENTRE:RC1845,Kim Keat Christian Church Kindergarten,339843,,,0,unavailable,unavailable,,
CENTRE:PT9824,Little Oxford @ SK48 Pte. Ltd.,548675,https://www.littleoxford.com/,www.littleoxford.com,4,shared_operator_page_candidate,not_verified,https://www.littleoxford.com/,
CENTRE:PT1200,BLUE HOUSE (MUTIARA),249196,https://www.bluehouseinternational.com/,www.bluehouseinternational.com,3,shared_operator_page_candidate,not_verified,https://www.bluehouseinternational.com/,
CENTRE:PT9082,JOSIAH MONTESSORI APERIA,339511,https://www.josiah.com.sg/,www.josiah.com.sg,4,shared_operator_page_candidate,not_verified,https://www.josiah.com.sg/,
CENTRE:PT8655,Josiah Montessori - Pasir Ris,518645,https://josiah.com.sg/,josiah.com.sg,2,shared_operator_page_candidate,not_verified,https://josiah.com.sg/,
CENTRE:PT8744,Josiah Montessori - Changi Business Park,486025,https://josiah.com.sg/,josiah.com.sg,2,shared_operator_page_candidate,not_verified,https://josiah.com.sg/,
CENTRE:ST0141,PCF SPARKLETOTS PRESCHOOL @ PIONEER BLK 661B (CC),642661,https://www.pcf.org.sg/sparkletots,www.pcf.org.sg,333,shared_operator_page_candidate,not_verified,https://www.pcf.org.sg/sparkletots,
CENTRE:PT9707,Trehaus Pte Ltd,179097,https://trehaus.co/school,trehaus.co,1,school_specific_candidate,not_verified,https://trehaus.co/school,
CENTRE:PT9179,Small Wonder Preschool Buona Vista,138664,,,0,unavailable,unavailable,,
CENTRE:ST0202,PCF Sparkletots Preschool @ Toa Payoh East Blk 6 (EY),310006,https://www.pcf.org.sg/sparkletots,www.pcf.org.sg,333,shared_operator_page_candidate,not_verified,https://www.pcf.org.sg/sparkletots,
CENTRE:PT9162,MULBERRY LEARNING CENTRE @ TOA PAYOH PTE. LTD.,319637,,,0,unavailable,unavailable,,
CENTRE:PT7870,AMAZING STAR MONTESSORI HOUSE (SN),550103,https://www.amazingstar.sg/,www.amazingstar.sg,4,shared_operator_page_candidate,not_verified,https://www.amazingstar.sg/,
CENTRE:PT8943,Little Kinder Montessori @ Westwood Pte. Ltd.,648782,https://www.littlekindermontessori.com/,www.littlekindermontessori.com,5,shared_operator_page_candidate,not_verified,https://www.littlekindermontessori.com/,
CENTRE:PT9008,Little Footprints Preschool Pte Ltd,328827,https://www.littlefootprints.edu.sg/,www.littlefootprints.edu.sg,37,shared_operator_page_candidate,not_verified,https://www.littlefootprints.edu.sg/,
CENTRE:RC1809,Al-Istighfar Mosque Kindergarten,518239,https://www.alistighfar.com/,www.alistighfar.com,1,school_specific_candidate,not_verified,https://www.alistighfar.com/,
CENTRE:NT0474,MY FIRST SKOOL,730375,https://www.myfirstskool.com/wdc-lifesg,www.myfirstskool.com,1,school_specific_candidate,not_verified,https://www.myfirstskool.com/wdc-lifesg,
CENTRE:RC1904,Little Seeds Preschool,139790,https://www.littleseeds.edu.sg/,www.littleseeds.edu.sg,15,shared_operator_page_candidate,not_verified,https://www.littleseeds.edu.sg/,
CENTRE:RC1911,KIDZ MEADOW CHILDCARE & DEVELOPMENT CENTRE (PUNGGOL),820228,https://www.kidzmeadow.com/,www.kidzmeadow.com,4,shared_operator_page_candidate,not_verified,https://www.kidzmeadow.com/,
CENTRE:ST0163,PCF Sparkletots Preschool @ Tanjong Pagar-Tiong Bahru Blk 125 (CC),160125,https://www.pcf.org.sg/sparkletots,www.pcf.org.sg,333,shared_operator_page_candidate,not_verified,https://www.pcf.org.sg/sparkletots,
CENTRE:PT9794,Children's Cove Preschool @ Sembawang,758459,https://childrenscove.sg/schools/sembawang,childrenscove.sg,1,school_specific_candidate,not_verified,https://childrenscove.sg/schools/sembawang,
CENTRE:PT9390,CHILDREN'S COVE PRESCHOOL PTE.LTD.,149382,https://childrenscove.sg/schools/jalan-penjara,childrenscove.sg,1,school_specific_candidate,not_verified,https://childrenscove.sg/schools/jalan-penjara,
CENTRE:RC1924,Kindle Garden @Pasir Ris,513530,https://kindlegarden.com.sg/,kindlegarden.com.sg,1,school_specific_candidate,not_verified,https://kindlegarden.com.sg/,
CENTRE:PT9268,Bucket House Preschool@Bukit Batok,659586,,,0,unavailable,unavailable,,
CENTRE:NT0604,My First Skool,120463,https://www.myfirstskool.com/ccc04-lifesg,www.myfirstskool.com,1,school_specific_candidate,not_verified,https://www.myfirstskool.com/ccc04-lifesg,
CENTRE:ST0356,PCF Sparkletots Preschool @ Nee Soon South Blk 875 (DS),760875,https://www.pcf.org.sg/sparkletots,www.pcf.org.sg,333,shared_operator_page_candidate,not_verified,https://www.pcf.org.sg/sparkletots,
CENTRE:RC1806,CGM Kindergarten,689457,https://cgmkindergarten.com.sg/,cgmkindergarten.com.sg,1,school_specific_candidate,not_verified,https://cgmkindergarten.com.sg/,
CENTRE:PT9856,STAR LEARNERS @ FERNVALE PTE LTD,797391,https://starlearners.com.sg/our-centres/fernvale,starlearners.com.sg,1,school_specific_candidate,not_verified,https://starlearners.com.sg/our-centres/fernvale,
CENTRE:PT9379,CARPE DIEM CHILDCARE PTE LTD,449408,https://carpediem.com.sg/,carpediem.com.sg,4,shared_operator_page_candidate,not_verified,https://carpediem.com.sg/,
CENTRE:ST0252,PCF Sparkletots Preschool @ Changi Blk 216 (KN),510216,https://www.pcf.org.sg/sparkletots,www.pcf.org.sg,333,shared_operator_page_candidate,not_verified,https://www.pcf.org.sg/sparkletots,
CENTRE:RC1914,New Life Preschool @ Newton,307995,https://www.newlifepreschool.sg/,www.newlifepreschool.sg,8,shared_operator_page_candidate,not_verified,https://www.newlifepreschool.sg/,
CENTRE:ST0373,PCF Sparkletots Preschool @ Marymount Blk 309 (DS),570309,https://www.pcf.org.sg/sparkletots,www.pcf.org.sg,333,shared_operator_page_candidate,not_verified,https://www.pcf.org.sg/sparkletots,
CENTRE:ST0131,PCF Sparkletots Preschool @ Marymount Blk 257 (CC),570257,https://www.pcf.org.sg/sparkletots,www.pcf.org.sg,333,shared_operator_page_candidate,not_verified,https://www.pcf.org.sg/sparkletots,
CENTRE:ST0276,PCF Sparkletots Preschool @ Seletar-Serangoon Blk 970 (DS),530970,https://www.pcf.org.sg/sparkletots,www.pcf.org.sg,333,shared_operator_page_candidate,not_verified,https://www.pcf.org.sg/sparkletots,
CENTRE:ST0004,PCF SPARKLETOTS PRESCHOOL @ BUKIT GOMBAK BLK 395A (CC),651395,https://www.pcf.org.sg/sparkletots,www.pcf.org.sg,333,shared_operator_page_candidate,not_verified,https://www.pcf.org.sg/sparkletots,
CENTRE:RC1805,Ar-Raudhah Mosque Kindergarten,659919,,,0,unavailable,unavailable,,
CENTRE:PT8622,YUQUAN PRESCHOOL @GUILLEMARD,397999,https://www.yuquan.com.sg/,www.yuquan.com.sg,1,school_specific_candidate,not_verified,https://www.yuquan.com.sg/,
CENTRE:PT8915,The Starry Way Preschool,348469,https://www.thestarryway.sg/,www.thestarryway.sg,1,school_specific_candidate,not_verified,https://www.thestarryway.sg/,
CENTRE:PT9653,The Montessori Playroom Kindergarten,530806,https://www.montessori-playroom.com/,www.montessori-playroom.com,1,school_specific_candidate,not_verified,https://www.montessori-playroom.com/,
CENTRE:PT9330,QUALITY CENTRES (PTE. LTD.),69538,https://www.tots-and-teddies.com/,www.tots-and-teddies.com,1,school_specific_candidate,not_verified,https://www.tots-and-teddies.com/,
CENTRE:PT9172,OUR CHILDREN'S HOUSE PTE LTD,536186,https://www.ourchildrenshouse.com.sg/,www.ourchildrenshouse.com.sg,1,school_specific_candidate,not_verified,https://www.ourchildrenshouse.com.sg/,
CENTRE:RC1710,MACPHERSON SHENG HONG CHILDCARE CENTRE,348537,https://www.shenghong.org.sg/,www.shenghong.org.sg,1,school_specific_candidate,not_verified,https://www.shenghong.org.sg/,
CENTRE:PT9624,Iroha Kindergarten,397693,http://iroha.sg/,iroha.sg,1,school_specific_candidate,not_verified,http://iroha.sg/,
CENTRE:RC0790,CHEE HWAN KOG CHILDCARE CENTRE,530695,,,0,unavailable,unavailable,,
CENTRE:PT9860,Odyssey The Global Preschool Dempsey,249537,,,0,unavailable,unavailable,,
CENTRE:PT9500,Odyssey The Global Preschool Orchard,239128,,,0,unavailable,unavailable,,
CENTRE:PT9045,Odyssey The Global Preschool Loyang,506996,,,0,unavailable,unavailable,,
CENTRE:PT8656,Odyssey The Global Preschool Fourth Avenue,268669,https://www.theodyssey.sg/,www.theodyssey.sg,2,shared_operator_page_candidate,not_verified,https://www.theodyssey.sg/,
CENTRE:WP0210,Learning Vision Nanyang Technological University,637034,https://www.learningvision.com/,www.learningvision.com,6,shared_operator_page_candidate,not_verified,https://www.learningvision.com/,
CENTRE:PT9890,Learning Vision Woodlands Hospital,737628,,,0,unavailable,unavailable,,
CENTRE:PT6170,Learning Vision Sunshine Place (Choa Chu Kang),680475,,,0,unavailable,unavailable,,
CENTRE:PT4770,Learning Vision Vista Point (Woodlands),730548,https://www.learningvision.com/,www.learningvision.com,6,shared_operator_page_candidate,not_verified,https://www.learningvision.com/,
CENTRE:PT9887,LITTLE OXFORD @ EAST COAST PTE LTD,457037,https://www.littleoxford.com/,www.littleoxford.com,4,shared_operator_page_candidate,not_verified,https://www.littleoxford.com/,
CENTRE:PT9830,Little Oxford @ SK02 Pte Ltd,548651,https://www.littleoxford.com/,www.littleoxford.com,4,shared_operator_page_candidate,not_verified,https://www.littleoxford.com/,
CENTRE:PT9050,LITTLE OXFORD @ BARTLEY PTE LTD,536290,https://www.littleoxford.com/,www.littleoxford.com,4,shared_operator_page_candidate,not_verified,https://www.littleoxford.com/,
CENTRE:PT9442,CHILDCARE @ THE ENRICHMENT PTE LTD,648965,,,0,unavailable,unavailable,,
CENTRE:RC1918,New Life Preschool @ Marine Drive,440066,https://www.newlifepreschool.sg/,www.newlifepreschool.sg,8,shared_operator_page_candidate,not_verified,https://www.newlifepreschool.sg/,
CENTRE:RC1915,New Life Preschool @ Bedok,461024,https://www.newlifepreschool.sg/,www.newlifepreschool.sg,8,shared_operator_page_candidate,not_verified,https://www.newlifepreschool.sg/,
CENTRE:ST0055,PCF SPARKLETOTS PRESCHOOL @ KEBUN BARU BLK 172 (CC),560172,https://www.pcf.org.sg/sparkletots,www.pcf.org.sg,333,shared_operator_page_candidate,not_verified,https://www.pcf.org.sg/sparkletots,
CENTRE:ST0272,PCF Sparkletots Preschool @ Ang Mo Kio-Hougang Blk 452 (DS),530452,https://www.pcf.org.sg/sparkletots,www.pcf.org.sg,333,shared_operator_page_candidate,not_verified,https://www.pcf.org.sg/sparkletots,
CENTRE:ST0126,PCF SPARKLETOTS PRESCHOOL @ CHUA CHU KANG BLK 19 (CC),680019,https://www.pcf.org.sg/sparkletots,www.pcf.org.sg,333,shared_operator_page_candidate,not_verified,https://www.pcf.org.sg/sparkletots,
CENTRE:PW0020,Little Olive Tree,270005,https://www.littleolivetree.edu.sg/,www.littleolivetree.edu.sg,11,shared_operator_page_candidate,not_verified,https://www.littleolivetree.edu.sg/,
CENTRE:ST0190,PCF Sparkletots Preschool @ Bukit Batok East Blk 293 (CC),650293,https://www.pcf.org.sg/sparkletots,www.pcf.org.sg,333,shared_operator_page_candidate,not_verified,https://www.pcf.org.sg/sparkletots,
CENTRE:ST0097,PCF Sparkletots Preschool @ Bukit Batok East Blk 206 (CC),650206,https://www.pcf.org.sg/sparkletots,www.pcf.org.sg,333,shared_operator_page_candidate,not_verified,https://www.pcf.org.sg/sparkletots,
CENTRE:ST0073,PCF SPARKLETOTS PRESCHOOL @ WEST COAST BLK 611 (CC),120611,https://www.pcf.org.sg/sparkletots,www.pcf.org.sg,333,shared_operator_page_candidate,not_verified,https://www.pcf.org.sg/sparkletots,
CENTRE:ST0133,PCF Sparkletots Preschool @ Nee Soon South Blk 879 (EY),760879,https://www.pcf.org.sg/sparkletots,www.pcf.org.sg,333,shared_operator_page_candidate,not_verified,https://www.pcf.org.sg/sparkletots,
CENTRE:ST0019,PCF SPARKLETOTS PRESCHOOL @ NEE SOON SOUTH BLK 781 (CC),760781,https://www.pcf.org.sg/sparkletots,www.pcf.org.sg,333,shared_operator_page_candidate,not_verified,https://www.pcf.org.sg/sparkletots,
CENTRE:ST0072,PCF SPARKLETOTS PRESCHOOL @ CHONG PANG BLK 115B (CC),762115,https://www.pcf.org.sg/sparkletots,www.pcf.org.sg,333,shared_operator_page_candidate,not_verified,https://www.pcf.org.sg/sparkletots,
CENTRE:PT9073,LITTLE FOOTPRINTS PRESCHOOL PTE. LTD.,569880,https://littlefootprints.edu.sg/,littlefootprints.edu.sg,10,shared_operator_page_candidate,not_verified,https://littlefootprints.edu.sg/,
CENTRE:PT8949,Starshine Montessori Childcare Center,669173,,,0,unavailable,unavailable,,
CENTRE:PT7040,KIDDIE EXPLORERS PRESCHOOL,546654,,,0,unavailable,unavailable,,
CENTRE:RC0990,SGM MURNI,520411,https://www.sgmmurni.org.sg/,www.sgmmurni.org.sg,1,school_specific_candidate,not_verified,https://www.sgmmurni.org.sg/,
CENTRE:PT9448,MAPLEBEAR LEARNING HOUSE PTE LTD,537416,https://maplebear.sg/kovan,maplebear.sg,1,school_specific_candidate,not_verified,https://maplebear.sg/kovan,
CENTRE:RC0590,HATCH by TOUCH Preschools @Clementi 333,120333,https://hatchpreschools.org/,hatchpreschools.org,5,shared_operator_page_candidate,not_verified,https://hatchpreschools.org/,
CENTRE:PT8406,KIDDIWINKIE SCHOOLHOUSE @ UPPER BUKIT TIMAH,597925,https://www.kiddiwinkie.edu.sg/,www.kiddiwinkie.edu.sg,7,shared_operator_page_candidate,not_verified,https://www.kiddiwinkie.edu.sg/,
CENTRE:PT9759,Carpe Diem Schoolhouse Pte Ltd,540353,https://www.carpediem.com.sg/,www.carpediem.com.sg,15,shared_operator_page_candidate,not_verified,https://www.carpediem.com.sg/,
CENTRE:PT8922,SUNFLOWER PRESCHOOL @ BALESTIER PTE. LTD.,320080,https://www.sunflowerkid.com/,www.sunflowerkid.com,26,shared_operator_page_candidate,not_verified,https://www.sunflowerkid.com/,
CENTRE:EB0022,E-Bridge Pre-School Pte Ltd,822422,https://info.e-bridge.edu.sg/registration-of-interest,info.e-bridge.edu.sg,23,shared_operator_page_candidate,not_verified,https://info.e-bridge.edu.sg/registration-of-interest,
CENTRE:PT8386,CARPE DIEM CHILDCARE RESORT PTE. LTD.,820413,https://www.carpediem.com.sg/,www.carpediem.com.sg,15,shared_operator_page_candidate,not_verified,https://www.carpediem.com.sg/,
CENTRE:PT9417,CARPE DIEM SCHOOLHOUSE PTE LTD,310131,https://www.carpediem.com.sg/,www.carpediem.com.sg,15,shared_operator_page_candidate,not_verified,https://www.carpediem.com.sg/,
CENTRE:PT9411,SUNFLOWER PRESCHOOL @ YISHUN PTE LTD,760513,https://www.sunflowerkid.com/,www.sunflowerkid.com,26,shared_operator_page_candidate,not_verified,https://www.sunflowerkid.com/,
CENTRE:ST0087,PCF SPARKLETOTS PRESCHOOL @ JURONG CENTRAL BLK 403 (CC),640403,https://www.pcf.org.sg/sparkletots,www.pcf.org.sg,333,shared_operator_page_candidate,not_verified,https://www.pcf.org.sg/sparkletots,
CENTRE:PT9137,MLC (SEMBAWANG) PTE. LTD.,750406,https://www.mylittlecampus.com.sg/,www.mylittlecampus.com.sg,2,shared_operator_page_candidate,not_verified,https://www.mylittlecampus.com.sg/,
CENTRE:PT8804,Kiddiwinkie Schoolhouse Pte Ltd,99254,https://www.kiddiwinkie.edu.sg/,www.kiddiwinkie.edu.sg,7,shared_operator_page_candidate,not_verified,https://www.kiddiwinkie.edu.sg/,
CENTRE:SK0022,Skool4Kidz Preschool,522606,https://skool4kidz.com.sg/,skool4kidz.com.sg,28,shared_operator_page_candidate,not_verified,https://skool4kidz.com.sg/,
CENTRE:PT8994,MindChamps Performing Arts International PreSchool @ Marina Square,39594,https://www.mindchamps.org/,www.mindchamps.org,4,shared_operator_page_candidate,not_verified,https://www.mindchamps.org/,
CENTRE:PT8642,Tinkerland @ Yunnan,638350,https://www.sdmchildcare.sg/,www.sdmchildcare.sg,1,school_specific_candidate,not_verified,https://www.sdmchildcare.sg/,
CENTRE:PT9870,LUMIERE MONTESSORI HOUSE @ MACPHERSON,369400,https://www.lumieremontessori.com/,www.lumieremontessori.com,3,shared_operator_page_candidate,not_verified,https://www.lumieremontessori.com/,
CENTRE:NT0615,MY FIRST SKOOL,822435,https://www.myfirstskool.com/,www.myfirstskool.com,7,shared_operator_page_candidate,not_verified,https://www.myfirstskool.com/,
CENTRE:RC1828,Edelweiss Preschool Sembawang Presbyterian Church,768443,https://www.edelweisspreschool.com/,www.edelweisspreschool.com,1,school_specific_candidate,not_verified,https://www.edelweisspreschool.com/,
CENTRE:RC1917,New Life Preschool @ McNair,328516,https://www.newlifepreschool.sg/,www.newlifepreschool.sg,8,shared_operator_page_candidate,not_verified,https://www.newlifepreschool.sg/,
CENTRE:NT0543,MY FIRST SKOOL,822208,https://www.myfirstskool.com/pc4-lifesg,www.myfirstskool.com,1,school_specific_candidate,not_verified,https://www.myfirstskool.com/pc4-lifesg,
CENTRE:NT0597,My First Skool,463222,https://www.myfirstskool.com/bcc06-lifesg,www.myfirstskool.com,1,school_specific_candidate,not_verified,https://www.myfirstskool.com/bcc06-lifesg,
CENTRE:PT8673,ZEE JUNIORS,439235,https://aaytozee.com.sg/,aaytozee.com.sg,3,shared_operator_page_candidate,not_verified,https://aaytozee.com.sg/,
CENTRE:RC1902,Little Seeds Preschool,670402,https://www.littleseeds.edu.sg/,www.littleseeds.edu.sg,15,shared_operator_page_candidate,not_verified,https://www.littleseeds.edu.sg/,
CENTRE:PT9913,Little Kinder Montessori @ Pasir Panjang Pte. Ltd.,118141,https://www.littlekindermontessori.com/,www.littlekindermontessori.com,5,shared_operator_page_candidate,not_verified,https://www.littlekindermontessori.com/,
CENTRE:PT9447,Little Paddington Preschool Thomson Walk Pte. Ltd.,574469,,,0,unavailable,unavailable,,
CENTRE:ST0396,PCF Sparkletots Preschool @ Mountbatten Blk 92 (CC),390092,https://www.pcf.org.sg/sparkletots,www.pcf.org.sg,333,shared_operator_page_candidate,not_verified,https://www.pcf.org.sg/sparkletots,
CENTRE:PT9800,Alora Infant Care (Leng Kee) Pte Ltd,159049,https://www.kidscampus.com.sg/,www.kidscampus.com.sg,4,shared_operator_page_candidate,not_verified,https://www.kidscampus.com.sg/,
CENTRE:PT9696,KIDSCAMPUS (CHANGI SIMEI) PTE LTD,529915,https://www.kidscampus.com.sg/,www.kidscampus.com.sg,4,shared_operator_page_candidate,not_verified,https://www.kidscampus.com.sg/,
CENTRE:PT9478,KIDSCAMPUS WEST COAST PTE LTD,120509,https://www.kidscampus.com.sg/,www.kidscampus.com.sg,4,shared_operator_page_candidate,not_verified,https://www.kidscampus.com.sg/,
CENTRE:PT9451,KIDSCAMPUS JW PTE LTD,640837,https://www.kidscampus.com.sg/,www.kidscampus.com.sg,4,shared_operator_page_candidate,not_verified,https://www.kidscampus.com.sg/,
CENTRE:PT9373,ALORA CHILDCARE (LENG KEE) PTE LTD,159049,https://www.alora.com.sg/,www.alora.com.sg,1,school_specific_candidate,not_verified,https://www.alora.com.sg/,
CENTRE:SK0025,Skool4Kidz Preschool,822409,https://skool4kidz.com.sg/,skool4kidz.com.sg,28,shared_operator_page_candidate,not_verified,https://skool4kidz.com.sg/,
CENTRE:ST0389,PCF Sparkletots Preschool @ Potong Pasir Blk 101 (EY),340101,https://www.pcf.org.sg/sparkletots,www.pcf.org.sg,333,shared_operator_page_candidate,not_verified,https://www.pcf.org.sg/sparkletots,
CENTRE:KM0055,MOE Kindergarten @ Tanjong Katong,437259,https://www.tanjongkatongpri.moe.edu.sg/,www.tanjongkatongpri.moe.edu.sg,1,school_specific_candidate,not_verified,https://www.tanjongkatongpri.moe.edu.sg/,
CENTRE:PT9405,MAPLEBEAR EARLY ACHIEVERS PTE LTD,118524,,,0,unavailable,unavailable,,
CENTRE:ST0298,PCF Sparkletots Preschool @ Yuhua Blk 251 (KN),600251,https://www.pcf.org.sg/sparkletots,www.pcf.org.sg,333,shared_operator_page_candidate,not_verified,https://www.pcf.org.sg/sparkletots,
CENTRE:ST0051,PCF SPARKLETOTS PRESCHOOL @ YUHUA BLK 264 (CC),600264,https://www.pcf.org.sg/sparkletots,www.pcf.org.sg,333,shared_operator_page_candidate,not_verified,https://www.pcf.org.sg/sparkletots,
CENTRE:ST0061,PCF SPARKLETOTS PRESCHOOL @ YUHUA BLK 108 (CC),600108,https://www.pcf.org.sg/sparkletots,www.pcf.org.sg,333,shared_operator_page_candidate,not_verified,https://www.pcf.org.sg/sparkletots,
CENTRE:ST0106,PCF SPARKLETOTS PRESCHOOL @ ULU PANDAN BLK 15 (CC),270015,https://www.pcf.org.sg/sparkletots,www.pcf.org.sg,333,shared_operator_page_candidate,not_verified,https://www.pcf.org.sg/sparkletots,
CENTRE:ST0191,PCF SPARKLETOTS PRESCHOOL @ ULU PANDAN BLK 24 (DS),270024,https://www.pcf.org.sg/sparkletots,www.pcf.org.sg,333,shared_operator_page_candidate,not_verified,https://www.pcf.org.sg/sparkletots,
CENTRE:ST0165,PCF Sparkletots Preschool @ Tampines West Blk 151 (EY),521151,https://www.pcf.org.sg/sparkletots,www.pcf.org.sg,333,shared_operator_page_candidate,not_verified,https://www.pcf.org.sg/sparkletots,
CENTRE:ST0115,PCF SPARKLETOTS PRESCHOOL @ HENDERSON-DAWSON BLK 59 (CC),142059,https://www.pcf.org.sg/sparkletots,www.pcf.org.sg,333,shared_operator_page_candidate,not_verified,https://www.pcf.org.sg/sparkletots,
CENTRE:ST0210,PCF Sparkletots Preschool @ Tanjong Pagar-Tiong Bahru Blk 1E (DS),85501,https://www.pcf.org.sg/sparkletots,www.pcf.org.sg,333,shared_operator_page_candidate,not_verified,https://www.pcf.org.sg/sparkletots,
CENTRE:ST0362,PCF Sparkletots Preschool @ Tampines Central Blk 868A (KN),521868,https://www.pcf.org.sg/sparkletots,www.pcf.org.sg,333,shared_operator_page_candidate,not_verified,https://www.pcf.org.sg/sparkletots,
CENTRE:ST0408,PCF Sparkletots Preschool @ Tampines Central Blk 878 (CC),520878,https://www.pcf.org.sg/sparkletots,www.pcf.org.sg,333,shared_operator_page_candidate,not_verified,https://www.pcf.org.sg/sparkletots,
CENTRE:ST0266,PCF Sparkletots Preschool @ Tampines Central Blk 856 (KN),520856,https://www.pcf.org.sg/sparkletots,www.pcf.org.sg,333,shared_operator_page_candidate,not_verified,https://www.pcf.org.sg/sparkletots,
CENTRE:ST0286,PCF Sparkletots Preschool @ Serangoon Blk 226 (KN),550226,https://www.pcf.org.sg/sparkletots,www.pcf.org.sg,333,shared_operator_page_candidate,not_verified,https://www.pcf.org.sg/sparkletots,
CENTRE:ST0216,PCF Sparkletots Preschool @ Queenstown Blk 3 (KN),150003,https://www.pcf.org.sg/sparkletots,www.pcf.org.sg,333,shared_operator_page_candidate,not_verified,https://www.pcf.org.sg/sparkletots,
CENTRE:ST0395,PCF Sparkletots Preschool @ Queenstown Blk 30A (CC),142030,https://www.pcf.org.sg/sparkletots,www.pcf.org.sg,333,shared_operator_page_candidate,not_verified,https://www.pcf.org.sg/sparkletots,
CENTRE:ST0092,PCF SPARKLETOTS PRESCHOOL @ QUEENSTOWN BLK 145 (CC),140145,https://www.pcf.org.sg/sparkletots,www.pcf.org.sg,333,shared_operator_page_candidate,not_verified,https://www.pcf.org.sg/sparkletots,
CENTRE:ST0013,PCF Sparkletots Preschool @ Pasir Ris West Blk 650 (EY),510650,https://www.pcf.org.sg/sparkletots,www.pcf.org.sg,333,shared_operator_page_candidate,not_verified,https://www.pcf.org.sg/sparkletots,
CENTRE:ST0400,PCF Sparkletots Preschool @ Buangkok-Fernvale South Blk 401 (EY),790401,https://www.pcf.org.sg/sparkletots,www.pcf.org.sg,333,shared_operator_page_candidate,not_verified,https://www.pcf.org.sg/sparkletots,
CENTRE:ST0375,PCF Sparkletots Preschool @ Buangkok-Fernvale South Blk 999 (DS),530999,https://www.pcf.org.sg/sparkletots,www.pcf.org.sg,333,shared_operator_page_candidate,not_verified,https://www.pcf.org.sg/sparkletots,
CENTRE:ST0361,PCF Sparkletots Preschool @ Buangkok-Fernvale South Blk 987C (DS),533987,https://www.pcf.org.sg/sparkletots,www.pcf.org.sg,333,shared_operator_page_candidate,not_verified,https://www.pcf.org.sg/sparkletots,
CENTRE:ST0269,PCF Sparkletots Preschool @ Paya Lebar Blk 125 (DS),530125,https://www.pcf.org.sg/sparkletots,www.pcf.org.sg,333,shared_operator_page_candidate,not_verified,https://www.pcf.org.sg/sparkletots,
CENTRE:ST0268,PCF Sparkletots Preschool @ Paya Lebar Blk 23 (CC),530023,https://www.pcf.org.sg/sparkletots,www.pcf.org.sg,333,shared_operator_page_candidate,not_verified,https://www.pcf.org.sg/sparkletots,
CENTRE:ST0358,PCF Sparkletots Preschool @ Punggol Coast Blk 105D (DS),824105,https://www.pcf.org.sg/sparkletots,www.pcf.org.sg,333,shared_operator_page_candidate,not_verified,https://www.pcf.org.sg/sparkletots,
CENTRE:ST0371,PCF Sparkletots Preschool @ Nee Soon Central Blk 671 (DS),760671,https://www.pcf.org.sg/sparkletots,www.pcf.org.sg,333,shared_operator_page_candidate,not_verified,https://www.pcf.org.sg/sparkletots,
CENTRE:ST0354,PCF Sparkletots Preschool @ Nee Soon Central Blk 646 (DS),760646,https://www.pcf.org.sg/sparkletots,www.pcf.org.sg,333,shared_operator_page_candidate,not_verified,https://www.pcf.org.sg/sparkletots,
CENTRE:ST0026,PCF Sparkletots Preschool @ Nee Soon Central Blk 723 (CC),760723,https://www.pcf.org.sg/sparkletots,www.pcf.org.sg,333,shared_operator_page_candidate,not_verified,https://www.pcf.org.sg/sparkletots,
CENTRE:PT9952,MULBERRY LEARNING @ TENGAH,690302,https://www.mulberrylearningtg.com/,www.mulberrylearningtg.com,1,school_specific_candidate,not_verified,https://www.mulberrylearningtg.com/,
CENTRE:ST0414,PCF Sparkletots Preschool @ Tengah Blk 244 (EY),690244,https://www.pcf.org.sg/sparkletots,www.pcf.org.sg,333,shared_operator_page_candidate,not_verified,https://www.pcf.org.sg/sparkletots,
CENTRE:ST0143,PCF SPARKLETOTS PRESCHOOL @ BEDOK RESERVOIR-PUNGGOL BLK 470C (CC),533470,https://www.pcf.org.sg/sparkletots,www.pcf.org.sg,333,shared_operator_page_candidate,not_verified,https://www.pcf.org.sg/sparkletots,
CENTRE:ST0162,PCF Sparkletots Preschool @ Bedok Reservoir-Punggol Blk 508 (CC),530508,https://www.pcf.org.sg/sparkletots,www.pcf.org.sg,333,shared_operator_page_candidate,not_verified,https://www.pcf.org.sg/sparkletots,
CENTRE:ST0366,PCF Sparkletots Preschool @ Bedok Reservoir-Punggol Blk 475C (DS),533475,https://www.pcf.org.sg/sparkletots,www.pcf.org.sg,333,shared_operator_page_candidate,not_verified,https://www.pcf.org.sg/sparkletots,
CENTRE:ST0250,PCF Sparkletots Preschool @ Bedok Reservoir-Punggol Blk 713 (DS),470713,https://www.pcf.org.sg/sparkletots,www.pcf.org.sg,333,shared_operator_page_candidate,not_verified,https://www.pcf.org.sg/sparkletots,
CENTRE:ST0245,PCF Sparkletots Preschool @ Kaki Bukit Blk 519 (KN),460519,https://www.pcf.org.sg/sparkletots,www.pcf.org.sg,333,shared_operator_page_candidate,not_verified,https://www.pcf.org.sg/sparkletots,
CENTRE:ST0144,PCF SPARKLETOTS PRESCHOOL @ JURONG CENTRAL BLK 308 (CC),600308,https://www.pcf.org.sg/sparkletots,www.pcf.org.sg,333,shared_operator_page_candidate,not_verified,https://www.pcf.org.sg/sparkletots,
CENTRE:ST0304,PCF Sparkletots Preschool @ Jurong Central Blk 465 (KN),640465,https://www.pcf.org.sg/sparkletots,www.pcf.org.sg,333,shared_operator_page_candidate,not_verified,https://www.pcf.org.sg/sparkletots,
CENTRE:ST0305,PCF Sparkletots Preschool @ Jurong Central Blk 490 (KN),640490,https://www.pcf.org.sg/sparkletots,www.pcf.org.sg,333,shared_operator_page_candidate,not_verified,https://www.pcf.org.sg/sparkletots,
CENTRE:ST0204,PCF SPARKLETOTS PRESCHOOL @ JURONG SPRING - GEK POH  BLK 515 (EY),640515,https://www.pcf.org.sg/sparkletots,www.pcf.org.sg,333,shared_operator_page_candidate,not_verified,https://www.pcf.org.sg/sparkletots,
CENTRE:ST0308,PCF Sparkletots Preschool @ Jurong Spring-Gek Poh Blk 750 (DS),640750,https://www.pcf.org.sg/sparkletots,www.pcf.org.sg,333,shared_operator_page_candidate,not_verified,https://www.pcf.org.sg/sparkletots,
CENTRE:ST0107,PCF Sparkletots Preschool @ Jurong Spring-Gek Poh Blk 528 (DS),640528,https://www.pcf.org.sg/sparkletots,www.pcf.org.sg,333,shared_operator_page_candidate,not_verified,https://www.pcf.org.sg/sparkletots,
CENTRE:ST0168,PCF Sparkletots Preschool @ Jalan Kayu Blk 469B (EY),792469,https://www.pcf.org.sg/sparkletots,www.pcf.org.sg,333,shared_operator_page_candidate,not_verified,https://www.pcf.org.sg/sparkletots,
CENTRE:ST0200,PCF Sparkletots Preschool @ Jalan Kayu Blk 443 (EY),790443,https://www.pcf.org.sg/sparkletots,www.pcf.org.sg,333,shared_operator_page_candidate,not_verified,https://www.pcf.org.sg/sparkletots,
CENTRE:ST0197,PCF Sparkletots Preschool @ Jalan Kayu Blk 436D (EY),794436,https://www.pcf.org.sg/sparkletots,www.pcf.org.sg,333,shared_operator_page_candidate,not_verified,https://www.pcf.org.sg/sparkletots,
CENTRE:ST0270,PCF Sparkletots Preschool @ Hougang Blk 328 (DS),530328,https://www.pcf.org.sg/sparkletots,www.pcf.org.sg,333,shared_operator_page_candidate,not_verified,https://www.pcf.org.sg/sparkletots,
CENTRE:ST0003,PCF SPARKLETOTS PRESCHOOL @ FENGSHAN BLK 184 (CC),460184,https://www.pcf.org.sg/sparkletots,www.pcf.org.sg,333,shared_operator_page_candidate,not_verified,https://www.pcf.org.sg/sparkletots,
CENTRE:ST0041,PCF SPARKLETOTS PRESCHOOL @ FENGSHAN BLK 115 (CC),460115,https://www.pcf.org.sg/sparkletots,www.pcf.org.sg,333,shared_operator_page_candidate,not_verified,https://www.pcf.org.sg/sparkletots,
CENTRE:ST0056,PCF SPARKLETOTS PRESCHOOL @ FENGSHAN BLK 108 (CC),460108,https://www.pcf.org.sg/sparkletots,www.pcf.org.sg,333,shared_operator_page_candidate,not_verified,https://www.pcf.org.sg/sparkletots,
CENTRE:ST0199,PCF SPARKLETOTS PRESCHOOL @ CLEMENTI BLK 462A (EY),121462,https://www.pcf.org.sg/sparkletots,www.pcf.org.sg,333,shared_operator_page_candidate,not_verified,https://www.pcf.org.sg/sparkletots,
CENTRE:ST0383,PCF Sparkletots Preschool @ Clementi Blk 445 (EY),120445,https://www.pcf.org.sg/sparkletots,www.pcf.org.sg,333,shared_operator_page_candidate,not_verified,https://www.pcf.org.sg/sparkletots,
CENTRE:ST0212,PCF Sparkletots Preschool @ Clementi Blk 330 (DS),120330,https://www.pcf.org.sg/sparkletots,www.pcf.org.sg,333,shared_operator_page_candidate,not_verified,https://www.pcf.org.sg/sparkletots,
CENTRE:ST0138,PCF SPARKLETOTS PRESCHOOL @ CLEMENTI BLK 420A (CC),121420,https://www.pcf.org.sg/sparkletots,www.pcf.org.sg,333,shared_operator_page_candidate,not_verified,https://www.pcf.org.sg/sparkletots,
CENTRE:RC0750,7oaks Preschool - Pasir Ris St. 51,510557,https://7oaks.sg/,7oaks.sg,2,shared_operator_page_candidate,not_verified,https://7oaks.sg/,
CENTRE:ST0206,PCF Sparkletots Preschool @ Sengkang West Blk 351 (EY),540351,https://www.pcf.org.sg/sparkletots,www.pcf.org.sg,333,shared_operator_page_candidate,not_verified,https://www.pcf.org.sg/sparkletots,
CENTRE:ST0198,PCF SPARKLETOTS PRESCHOOL @ SENGKANG WEST BLK 303A (EY),541303,https://www.pcf.org.sg/sparkletots,www.pcf.org.sg,333,shared_operator_page_candidate,not_verified,https://www.pcf.org.sg/sparkletots,
CENTRE:ST0363,PCF Sparkletots Preschool @ Sengkang West Blk 330A (DS),541330,https://www.pcf.org.sg/sparkletots,www.pcf.org.sg,333,shared_operator_page_candidate,not_verified,https://www.pcf.org.sg/sparkletots,
CENTRE:ST0284,PCF Sparkletots Preschool @ Sengkang North Blk 292B (KN),542292,https://www.pcf.org.sg/sparkletots,www.pcf.org.sg,333,shared_operator_page_candidate,not_verified,https://www.pcf.org.sg/sparkletots,
CENTRE:ST0095,PCF SPARKLETOTS PRESCHOOL @ SERANGOON BLK 141 (CC),550141,https://www.pcf.org.sg/sparkletots,www.pcf.org.sg,333,shared_operator_page_candidate,not_verified,https://www.pcf.org.sg/sparkletots,
CENTRE:ST0285,PCF Sparkletots Preschool @ Serangoon Blk 125 (CC),550125,https://www.pcf.org.sg/sparkletots,www.pcf.org.sg,333,shared_operator_page_candidate,not_verified,https://www.pcf.org.sg/sparkletots,
CENTRE:ST0360,PCF Sparkletots Preschool @ Punggol West Blk 271A (KN),821271,https://www.pcf.org.sg/sparkletots,www.pcf.org.sg,333,shared_operator_page_candidate,not_verified,https://www.pcf.org.sg/sparkletots,
CENTRE:ST0365,PCF Sparkletots Preschool @ Punggol West Blk 308B (DS),822308,https://www.pcf.org.sg/sparkletots,www.pcf.org.sg,333,shared_operator_page_candidate,not_verified,https://www.pcf.org.sg/sparkletots,
CENTRE:ST0189,PCF SPARKLETOTS PRESCHOOL @ PUNGGOL WEST BLK 222 (CC),820222,https://www.pcf.org.sg/sparkletots,www.pcf.org.sg,333,shared_operator_page_candidate,not_verified,https://www.pcf.org.sg/sparkletots,
CENTRE:ST0391,PCF Sparkletots Preschool @ Buangkok-Fernvale South Blk 402 (EY),790402,https://www.pcf.org.sg/sparkletots,www.pcf.org.sg,333,shared_operator_page_candidate,not_verified,https://www.pcf.org.sg/sparkletots,
CENTRE:ST0364,PCF Sparkletots Preschool @ Buangkok-Fernvale South Blk 416A (DS),791416,https://www.pcf.org.sg/sparkletots,www.pcf.org.sg,333,shared_operator_page_candidate,not_verified,https://www.pcf.org.sg/sparkletots,
CENTRE:ST0046,PCF SPARKLETOTS PRESCHOOL @ PAYA LEBAR BLK 221 (CC),530221,https://www.pcf.org.sg/sparkletots,www.pcf.org.sg,333,shared_operator_page_candidate,not_verified,https://www.pcf.org.sg/sparkletots,
CENTRE:ST0397,PCF Sparkletots Preschool @ Punggol North Blk 410A (EY),821410,https://www.pcf.org.sg/sparkletots,www.pcf.org.sg,333,shared_operator_page_candidate,not_verified,https://www.pcf.org.sg/sparkletots,
CENTRE:ST0394,PCF Sparkletots Preschool @ Punggol North Blk 402 (EY),820402,https://www.pcf.org.sg/sparkletots,www.pcf.org.sg,333,shared_operator_page_candidate,not_verified,https://www.pcf.org.sg/sparkletots,
CENTRE:ST0196,PCF Sparkletots Preschool @ Punggol North Blk 326 (CC),820326,https://www.pcf.org.sg/sparkletots,www.pcf.org.sg,333,shared_operator_page_candidate,not_verified,https://www.pcf.org.sg/sparkletots,
CENTRE:ST0283,PCF Sparkletots Preschool @ Sengkang Central Blk 277B (EY),542277,https://www.pcf.org.sg/sparkletots,www.pcf.org.sg,333,shared_operator_page_candidate,not_verified,https://www.pcf.org.sg/sparkletots,
CENTRE:ST0045,PCF SPARKLETOTS PRESCHOOL @ SENGKANG CENTRAL BLK 270 (CC),540270,https://www.pcf.org.sg/sparkletots,www.pcf.org.sg,333,shared_operator_page_candidate,not_verified,https://www.pcf.org.sg/sparkletots,
CENTRE:ST0279,PCF Sparkletots Preschool @ Sengkang East Blk 143 (KN),540143,https://www.pcf.org.sg/sparkletots,www.pcf.org.sg,333,shared_operator_page_candidate,not_verified,https://www.pcf.org.sg/sparkletots,
CENTRE:ST0368,PCF Sparkletots Preschool @ Punggol Coast Blk 676B (DS),822676,https://www.pcf.org.sg/sparkletots,www.pcf.org.sg,333,shared_operator_page_candidate,not_verified,https://www.pcf.org.sg/sparkletots,
CENTRE:ST0114,PCF Sparkletots Preschool @ Punggol Coast Blk 303A (DS),821303,https://www.pcf.org.sg/sparkletots,www.pcf.org.sg,333,shared_operator_page_candidate,not_verified,https://www.pcf.org.sg/sparkletots,
CENTRE:ST0384,PCF Sparkletots Preschool @ Jalan Kayu Blk 455 (CC),790455,https://www.pcf.org.sg/sparkletots,www.pcf.org.sg,333,shared_operator_page_candidate,not_verified,https://www.pcf.org.sg/sparkletots,
CENTRE:PT6940,SUNFLOWER CHILDCARE & DEVELOPMENT CENTRE PTE LTD,469627,https://www.sunflowerkid.com/,www.sunflowerkid.com,26,shared_operator_page_candidate,not_verified,https://www.sunflowerkid.com/,
CENTRE:ST0386,PCF Sparkletots Preschool @ Brickland Blk 810 (CC),680810,https://www.pcf.org.sg/sparkletots,www.pcf.org.sg,333,shared_operator_page_candidate,not_verified,https://www.pcf.org.sg/sparkletots,
CENTRE:ST0119,PCF SPARKLETOTS PRESCHOOL @ KAKI BUKIT BLK 525 (CC),460525,https://www.pcf.org.sg/sparkletots,www.pcf.org.sg,333,shared_operator_page_candidate,not_verified,https://www.pcf.org.sg/sparkletots,
CENTRE:PT9176,MAPLE BEAR EDUCARE PTE. LTD.,238879,,,0,unavailable,unavailable,,
CENTRE:PT9711,Raffles Montessori Kindergarten (Aljunied),388375,https://www.rafflesmontessorikindergarten.com/,www.rafflesmontessorikindergarten.com,1,school_specific_candidate,not_verified,https://www.rafflesmontessorikindergarten.com/,
CENTRE:PT9156,Little Footprints Preschool Pte Ltd,824107,https://www.littlefootprints.edu.sg/,www.littlefootprints.edu.sg,37,shared_operator_page_candidate,not_verified,https://www.littlefootprints.edu.sg/,
CENTRE:PT9114,ETONHOUSE BILINGUAL PRE-SCHOOL PTE. LTD.,588184,,,0,unavailable,unavailable,,
CENTRE:PT9797,RH Positive Montessori Kindergarten (Grandeur Park),465466,https://www.rhpmedu.com/,www.rhpmedu.com,3,shared_operator_page_candidate,not_verified,https://www.rhpmedu.com/,
CENTRE:PT9715,RH Positive Montessori Kindergarten (Bukit Timah),289758,https://www.rhpmedu.com/,www.rhpmedu.com,3,shared_operator_page_candidate,not_verified,https://www.rhpmedu.com/,
CENTRE:SK0028,Skool4Kidz Preschool,822655,https://skool4kidz.com.sg/,skool4kidz.com.sg,28,shared_operator_page_candidate,not_verified,https://skool4kidz.com.sg/,
CENTRE:PT9202,NOBLELAND ARTS N LEARNING PLACE @WATERWAY PTE. LTD.,821665,https://www.nobleland.sg/,www.nobleland.sg,5,shared_operator_page_candidate,not_verified,https://www.nobleland.sg/,
CENTRE:PT9895,THE ORANGE ACADEMY (TAMPINES) PTE LTD,529536,,,0,unavailable,unavailable,,
CENTRE:PT8959,GREENFIELD MONTESSORI CHILDCARE PTE LTD,683688,,,0,unavailable,unavailable,,
CENTRE:PT7180,RAINBOW CHILDCARE PTE LTD,640221,https://www.rainbow.sg/,www.rainbow.sg,1,school_specific_candidate,not_verified,https://www.rainbow.sg/,
CENTRE:SK0014,Skool4Kidz Preschool,544618,https://skool4kidz.com.sg/,skool4kidz.com.sg,28,shared_operator_page_candidate,not_verified,https://skool4kidz.com.sg/,
CENTRE:SK0012,Skool4Kidz Preschool,821314,https://skool4kidz.com.sg/,skool4kidz.com.sg,28,shared_operator_page_candidate,not_verified,https://skool4kidz.com.sg/,
CENTRE:SK0011,Skool4Kidz Preschool,760512,https://skool4kidz.com.sg/,skool4kidz.com.sg,28,shared_operator_page_candidate,not_verified,https://skool4kidz.com.sg/,
CENTRE:SK0038,SKOOL4KIDZ PRESCHOOL,311401,,,0,unavailable,unavailable,,
CENTRE:SK0036,SKOOL4KIDZ PRESCHOOL,760482,,,0,unavailable,unavailable,,
CENTRE:RC1742,7oaks Preschool - Bedok Reservoir,470709,https://www.7oaks.sg/,www.7oaks.sg,2,shared_operator_page_candidate,not_verified,https://www.7oaks.sg/,
CENTRE:RC1786,SUPER TALENT CHILDCARE LTD,370093,,,0,unavailable,unavailable,,
CENTRE:RC1783,SUPER TALENT CHILDCARE LTD,164018,,,0,unavailable,unavailable,,
CENTRE:RC1782,SUPER TALENT CHILDCARE LTD,560218,,,0,unavailable,unavailable,,
CENTRE:PT8761,CARPE DIEM YOUNG JOY PTE. LTD.,670445,https://www.carpediem.com.sg/,www.carpediem.com.sg,15,shared_operator_page_candidate,not_verified,https://www.carpediem.com.sg/,
CENTRE:PT8597,MAPLEBEAR GRANDSTAND PTE LTD,597071,https://www.maplebear.sg/,www.maplebear.sg,8,shared_operator_page_candidate,not_verified,https://www.maplebear.sg/,
CENTRE:PT9747,MapleBear Jubilee Pte Ltd,128583,,,0,unavailable,unavailable,,
CENTRE:PT9374,STAR LEARNERS @ UBI PTE LTD,400315,https://starlearners.com.sg/our-centres/ubi,starlearners.com.sg,1,school_specific_candidate,not_verified,https://starlearners.com.sg/our-centres/ubi,
CENTRE:PT9910,NOBLELAND ARTS N LEARNING PLACE @WOODLEIGH PTE LTD,367803,https://www.nobleland.sg/,www.nobleland.sg,5,shared_operator_page_candidate,not_verified,https://www.nobleland.sg/,
CENTRE:PT8989,IMAN CHILDCARE (JURONG) PTE. LTD.,610399,https://www.iman.edu.sg/centres,www.iman.edu.sg,7,shared_operator_page_candidate,not_verified,https://www.iman.edu.sg/centres,
CENTRE:PT4140,BRIGHT KIDS @ JURONG WEST PTE LTD,640641,https://www.brightkids.com.sg/,www.brightkids.com.sg,5,shared_operator_page_candidate,not_verified,https://www.brightkids.com.sg/,
CENTRE:PT9716,Hess Preschool Katong Pte. Ltd.,428751,https://www.hesspreschool.sg/,www.hesspreschool.sg,1,school_specific_candidate,not_verified,https://www.hesspreschool.sg/,
CENTRE:PT9487,MAPLEBEAR DISCOVERY LAND PTE. LTD.,578527,,,0,unavailable,unavailable,,
CENTRE:PT8858,SUNFLOWER PRESCHOOL @ PUNGGOL FIELD WALK PTE. LTD.,824128,https://www.sunflowerkid.com/,www.sunflowerkid.com,26,shared_operator_page_candidate,not_verified,https://www.sunflowerkid.com/,
CENTRE:PT8072,YASMINE @ FRANKEL EARLY LEARNING CENTRE,461038,https://yasmineelc.com/,yasmineelc.com,1,school_specific_candidate,not_verified,https://yasmineelc.com/,
CENTRE:PT8793,SHAWS CDLC @ KATONG PRIVATE LIMITED,439738,https://www.shaws.com.sg/,www.shaws.com.sg,4,shared_operator_page_candidate,not_verified,https://www.shaws.com.sg/,
CENTRE:ST0221,PCF Sparkletots Preschool @ Moulmein-Cairnhill Blk 10 (DS),210010,https://www.pcf.org.sg/sparkletots,www.pcf.org.sg,333,shared_operator_page_candidate,not_verified,https://www.pcf.org.sg/sparkletots,
CENTRE:RC0830,JAMIYAH CHILD CARE CENTRE,560124,https://jccc.jamiyah.org.sg/,jccc.jamiyah.org.sg,1,school_specific_candidate,not_verified,https://jccc.jamiyah.org.sg/,
CENTRE:PT9503,IMAN CHILDCARE (TAMPINES) PTE LTD,521136,https://www.iman.edu.sg/centres,www.iman.edu.sg,7,shared_operator_page_candidate,not_verified,https://www.iman.edu.sg/centres,
CENTRE:PT9866,Adventure Tree Preschool Holland,279050,https://www.adventuretree.com.sg/,www.adventuretree.com.sg,3,shared_operator_page_candidate,not_verified,https://www.adventuretree.com.sg/,
CENTRE:KM0018,MOE KINDERGARTEN @ WATERWAY,828802,https://www.waterwaypri.moe.edu.sg/moe-kindergarten-waterway,www.waterwaypri.moe.edu.sg,1,school_specific_candidate,not_verified,https://www.waterwaypri.moe.edu.sg/moe-kindergarten-waterway,
CENTRE:PT9638,MFC KINDERGARTEN,307970,https://www.montessori.edu.sg/,www.montessori.edu.sg,2,shared_operator_page_candidate,not_verified,https://www.montessori.edu.sg/,
CENTRE:PT9868,Raffles House @ Adam Pte Ltd,289892,,,0,unavailable,unavailable,,
CENTRE:PT9477,HOUSE ON THE HILL PTE. LTD.,259887,,,0,unavailable,unavailable,,
CENTRE:PT9313,Nordic Preschool Pte Ltd,348475,https://nordicpreschool.sg/,nordicpreschool.sg,1,school_specific_candidate,not_verified,https://nordicpreschool.sg/,
CENTRE:PT9755,MAPLEBEAR ALPHA,117684,https://www.maplebear.sg/,www.maplebear.sg,8,shared_operator_page_candidate,not_verified,https://www.maplebear.sg/,
CENTRE:NT0430,MY FIRST SKOOL,751507,https://www.myfirstskool.com/wel-lifesg,www.myfirstskool.com,1,school_specific_candidate,not_verified,https://www.myfirstskool.com/wel-lifesg,
CENTRE:PT9465,Learning Vision Ng Teng Fong General Hospital,609606,,,0,unavailable,unavailable,,
CENTRE:PT9775,Faith Methodist Preschool,149604,https://methodistpreschools.org/,methodistpreschools.org,4,shared_operator_page_candidate,not_verified,https://methodistpreschools.org/,
CENTRE:PT9024,Little Footprints Preschool Group Pte Ltd,570140,https://www.littlefootprints.edu.sg/,www.littlefootprints.edu.sg,37,shared_operator_page_candidate,not_verified,https://www.littlefootprints.edu.sg/,
CENTRE:PT9015,Little Footprints Preschool Group Pte Ltd,760865,https://www.littlefootprints.edu.sg/,www.littlefootprints.edu.sg,37,shared_operator_page_candidate,not_verified,https://www.littlefootprints.edu.sg/,
CENTRE:RC1825,Little Seeds Preschool,149454,https://www.littleseeds.edu.sg/,www.littleseeds.edu.sg,15,shared_operator_page_candidate,not_verified,https://www.littleseeds.edu.sg/,
CENTRE:ST0255,PCF Sparkletots Preschool @ Pasir Ris West Blk 738 (EY),510738,https://www.pcf.org.sg/sparkletots,www.pcf.org.sg,333,shared_operator_page_candidate,not_verified,https://www.pcf.org.sg/sparkletots,
CENTRE:ST0379,PCF Sparkletots Preschool @ Toa Payoh East Blk 261A (EY),311261,https://www.pcf.org.sg/sparkletots,www.pcf.org.sg,333,shared_operator_page_candidate,not_verified,https://www.pcf.org.sg/sparkletots,
CENTRE:ST0023,PCF SPARKLETOTS PRESCHOOL @ QUEENSTOWN BLK 78B (CC),143078,https://www.pcf.org.sg/sparkletots,www.pcf.org.sg,333,shared_operator_page_candidate,not_verified,https://www.pcf.org.sg/sparkletots,
CENTRE:ST0176,PCF SPARKLETOTS PRESCHOOL @ QUEENSTOWN BLK 53A (CC),143053,https://www.pcf.org.sg/sparkletots,www.pcf.org.sg,333,shared_operator_page_candidate,not_verified,https://www.pcf.org.sg/sparkletots,
CENTRE:ST0174,PCF Sparkletots Preschool @ Brickland Blk 807C (CC),683807,https://www.pcf.org.sg/sparkletots,www.pcf.org.sg,333,shared_operator_page_candidate,not_verified,https://www.pcf.org.sg/sparkletots,
CENTRE:ST0014,PCF SPARKLETOTS PRESCHOOL @ ADMIRALTY BLK 585 (CC),730585,https://www.pcf.org.sg/sparkletots,www.pcf.org.sg,333,shared_operator_page_candidate,not_verified,https://www.pcf.org.sg/sparkletots,
CENTRE:RC1803,Little Shepherds' Schoolhouse@Church of the Holy Trinity,529455,https://littleshepherdsschoolhouse.edu.sg/,littleshepherdsschoolhouse.edu.sg,5,shared_operator_page_candidate,not_verified,https://littleshepherdsschoolhouse.edu.sg/,
CENTRE:PT9134,MLC (PASIR RIS) PTE. LTD,510735,https://www.mylittlecampus.com.sg/,www.mylittlecampus.com.sg,2,shared_operator_page_candidate,not_verified,https://www.mylittlecampus.com.sg/,
CENTRE:RC1716,GLOBAL CHILD DEVELOPMENT CENTRE,730620,https://gcdc.jamiyah.org.sg/,gcdc.jamiyah.org.sg,1,school_specific_candidate,not_verified,https://gcdc.jamiyah.org.sg/,
CENTRE:PT9033,Genius Gems Childcare @ Changi,508668,https://www.geniusgems.com.sg/,www.geniusgems.com.sg,1,school_specific_candidate,not_verified,https://www.geniusgems.com.sg/,
CENTRE:NT0515,MY FIRST SKOOL,570153,https://www.myfirstskool.com/bs3-lifesg,www.myfirstskool.com,1,school_specific_candidate,not_verified,https://www.myfirstskool.com/bs3-lifesg,
CENTRE:PT9845,Little Paddington Preschool Stirling Pte Ltd,148960,,,0,unavailable,unavailable,,
CENTRE:PT9281,Zee Learning Cove,127375,https://aaytozee.com.sg/,aaytozee.com.sg,3,shared_operator_page_candidate,not_verified,https://aaytozee.com.sg/,
CENTRE:PT9529,STAR LEARNERS @ ONE-NORTH PTE LTD,139940,https://starlearners.com.sg/our-centres/one-north,starlearners.com.sg,1,school_specific_candidate,not_verified,https://starlearners.com.sg/our-centres/one-north,
CENTRE:RC1912,7oaks Preschool - Kallang,382115,,,0,unavailable,unavailable,,
CENTRE:RC1886,Little Seeds Preschool,429740,https://www.littleseeds.edu.sg/,www.littleseeds.edu.sg,15,shared_operator_page_candidate,not_verified,https://www.littleseeds.edu.sg/,
CENTRE:RC0490,HATCH Preschools @ Bukit Batok 225,650225,https://hatchpreschools.org/,hatchpreschools.org,5,shared_operator_page_candidate,not_verified,https://hatchpreschools.org/,
CENTRE:RC0570,HATCH by TOUCH Preschools @Hougang 606,530606,https://hatchpreschools.org/,hatchpreschools.org,5,shared_operator_page_candidate,not_verified,https://hatchpreschools.org/,
CENTRE:RC1140,HATCH by TOUCH Preschools @Woodlands 171,730171,https://hatchpreschools.org/,hatchpreschools.org,5,shared_operator_page_candidate,not_verified,https://hatchpreschools.org/,
CENTRE:RC1630,HATCH by TOUCH Preschools @ Zhenghua 510,670510,https://hatchpreschools.org/,hatchpreschools.org,5,shared_operator_page_candidate,not_verified,https://hatchpreschools.org/,
CENTRE:PT9502,STAR LEARNERS @ BUKIT MERAH PTE. LTD.,160134,https://starlearners.com.sg/our-centres/bukit-merah,starlearners.com.sg,1,school_specific_candidate,not_verified,https://starlearners.com.sg/our-centres/bukit-merah,
CENTRE:RC1824,Little Seeds Preschool,359338,,,0,unavailable,unavailable,,
CENTRE:RC1897,Little Seeds Preschool,347592,https://www.littleseeds.edu.sg/,www.littleseeds.edu.sg,15,shared_operator_page_candidate,not_verified,https://www.littleseeds.edu.sg/,
CENTRE:RC0430,Little Seeds Preschool,350105,https://www.littleseeds.edu.sg/,www.littleseeds.edu.sg,15,shared_operator_page_candidate,not_verified,https://www.littleseeds.edu.sg/,
CENTRE:PT8803,Changemakers Academy Explorer,159919,https://www.littleskoolhouse.com/,www.littleskoolhouse.com,15,shared_operator_page_candidate,not_verified,https://www.littleskoolhouse.com/,
CENTRE:RC1896,Little Seeds Preschool,98717,https://www.littleseeds.edu.sg/,www.littleseeds.edu.sg,15,shared_operator_page_candidate,not_verified,https://www.littleseeds.edu.sg/,
CENTRE:PT9323,STAR LEARNERS @ SIGLAP PTE. LTD.,459509,https://starlearners.com.sg/our-centres/siglap,starlearners.com.sg,1,school_specific_candidate,not_verified,https://starlearners.com.sg/our-centres/siglap,
CENTRE:PT9052,MY LITTLE GEMS PRIVATE LIMITED,419500,https://www.my-littlegems.com/,www.my-littlegems.com,1,school_specific_candidate,not_verified,https://www.my-littlegems.com/,
CENTRE:RC0610,Little Seeds Preschool,760662,https://www.littleseeds.edu.sg/,www.littleseeds.edu.sg,15,shared_operator_page_candidate,not_verified,https://www.littleseeds.edu.sg/,
CENTRE:RC1900,Little Seeds Preschool,560610,https://www.littleseeds.edu.sg/,www.littleseeds.edu.sg,15,shared_operator_page_candidate,not_verified,https://www.littleseeds.edu.sg/,
CENTRE:PT9439,Kensington Preschool@Downtown East,519599,https://www.kensington.edu.sg/,www.kensington.edu.sg,2,shared_operator_page_candidate,not_verified,https://www.kensington.edu.sg/,
CENTRE:PT9034,Lillipods NorthStar,569880,https://www.lillipodspreschool.sg/,www.lillipodspreschool.sg,2,shared_operator_page_candidate,not_verified,https://www.lillipodspreschool.sg/,
CENTRE:EB0018,E-Bridge Pre-School Pte Ltd,544709,https://info.e-bridge.edu.sg/registration-of-interest,info.e-bridge.edu.sg,23,shared_operator_page_candidate,not_verified,https://info.e-bridge.edu.sg/registration-of-interest,
CENTRE:PT9025,LEARNINGWELL PRESCHOOL @ TECK WHYE PTE. LTD.,680151,https://learningwell-edu.com/,learningwell-edu.com,2,shared_operator_page_candidate,not_verified,https://learningwell-edu.com/,
CENTRE:PT8904,CARPE DIEM STARLETS 2 PTE. LTD.,680120,https://www.carpediem.com.sg/,www.carpediem.com.sg,15,shared_operator_page_candidate,not_verified,https://www.carpediem.com.sg/,
CENTRE:PT8617,CHERIE HEARTS KIDZ CAMPUS PTE. LTD.,510625,,,0,unavailable,unavailable,,
CENTRE:PT9670,Sunflower Preschool @ West Terra Pte Ltd,652451,https://www.sunflowerkid.com/,www.sunflowerkid.com,26,shared_operator_page_candidate,not_verified,https://www.sunflowerkid.com/,
CENTRE:RC1733,7oaks Preschool - International Business Park,609921,https://www.ppis.sg/,www.ppis.sg,3,shared_operator_page_candidate,not_verified,https://www.ppis.sg/,
CENTRE:PT8896,SHAWS CDLC @ MOUNTBATTEN PTE. LTD.,437130,https://www.shaws.com.sg/,www.shaws.com.sg,4,shared_operator_page_candidate,not_verified,https://www.shaws.com.sg/,
CENTRE:PT9401,SHAWS CDLC @LORONG CHUAN PTE. LTD,568346,,,0,unavailable,unavailable,,
CENTRE:PT9802,Little Paddington Preschool and Infant Care Kent Ridge,118257,https://www.littlepaddington.com/,www.littlepaddington.com,4,shared_operator_page_candidate,not_verified,https://www.littlepaddington.com/,
CENTRE:PT9783,Little Paddington Preschool Bartley,367984,https://www.littlepaddington.com/,www.littlepaddington.com,4,shared_operator_page_candidate,not_verified,https://www.littlepaddington.com/,
CENTRE:PT9945,Mulberry Learning Centre @ Lentor Pte.Ltd.,788887,,,0,unavailable,unavailable,,
CENTRE:PT9400,Kensington Preschool @ West Coast,129040,https://www.kensington.edu.sg/,www.kensington.edu.sg,2,shared_operator_page_candidate,not_verified,https://www.kensington.edu.sg/,
CENTRE:PT9371,KINGDOM EDUCATION PTE. LTD.,596152,https://www.mylittlekingdom.com.sg/,www.mylittlekingdom.com.sg,1,school_specific_candidate,not_verified,https://www.mylittlekingdom.com.sg/,
CENTRE:NT0582,MY FIRST SKOOL,530997,https://www.myfirstskool.com/bkc01-lifesg,www.myfirstskool.com,1,school_specific_candidate,not_verified,https://www.myfirstskool.com/bkc01-lifesg,
CENTRE:PT8905,CARPE DIEM STARLETS 1 PTE. LTD.,680110,https://www.carpediem.com.sg/,www.carpediem.com.sg,15,shared_operator_page_candidate,not_verified,https://www.carpediem.com.sg/,
CENTRE:PT9799,Adventure Tree Preschool Braddell,359826,,,0,unavailable,unavailable,,
CENTRE:PT8525,CARPE DIEM KINDERACE PTE. LTD.,650626,,,0,unavailable,unavailable,,
CENTRE:PT9847,Chicky & Olive International Preschool,556552,http://www.chickyolive.com/,www.chickyolive.com,2,shared_operator_page_candidate,not_verified,http://www.chickyolive.com/,
CENTRE:PT0215,ROSYTH CHILD CARE CENTRE,557783,https://www.facebook.com/rosyth.childcarecentre,www.facebook.com,1,social_page_candidate,not_verified,https://www.facebook.com/rosyth.childcarecentre,
CENTRE:PT9917,MapleBear Novena,309458,,,0,unavailable,unavailable,,
CENTRE:PT8950,Nest Preschool Hillview Pte. Ltd.,668693,https://nestpreschool.sg/,nestpreschool.sg,4,shared_operator_page_candidate,not_verified,https://nestpreschool.sg/,
CENTRE:PT9395,Brilliant Beans Preschool Macpherson,367904,,,0,unavailable,unavailable,,
CENTRE:PT8509,CARPE DIEM MI SCHOOLHOUSE PTE. LTD.,530954,https://carpediem.com.sg/,carpediem.com.sg,4,shared_operator_page_candidate,not_verified,https://carpediem.com.sg/,
CENTRE:ST0178,PCF Sparkletots Preschool @ Bukit Timah Blk 207 (CC),120207,https://www.pcf.org.sg/sparkletots,www.pcf.org.sg,333,shared_operator_page_candidate,not_verified,https://www.pcf.org.sg/sparkletots,
CENTRE:PT9277,CAMELOT INTERNATIONAL INFANT CARE PTE LTD,550301,https://camelotinfant.com/,camelotinfant.com,1,school_specific_candidate,not_verified,https://camelotinfant.com/,
CENTRE:NT0534,MY FIRST SKOOL,560229,https://www.myfirstskool.com/mk8-lifesg,www.myfirstskool.com,1,school_specific_candidate,not_verified,https://www.myfirstskool.com/mk8-lifesg,
CENTRE:PT8433,LITTLE VILLAGE ON THE GRANGE,239704,https://www.instagram.com/littlevillage.sg,www.instagram.com,1,social_page_candidate,not_verified,https://www.instagram.com/littlevillage.sg,
CENTRE:NT0540,MY FIRST SKOOL,760423,https://www.myfirstskool.com/yc4-lifesg,www.myfirstskool.com,1,school_specific_candidate,not_verified,https://www.myfirstskool.com/yc4-lifesg,
CENTRE:PT9247,Little Footprints Preschool Group Pte Ltd,730877,https://www.littlefootprints.edu.sg/,www.littlefootprints.edu.sg,37,shared_operator_page_candidate,not_verified,https://www.littlefootprints.edu.sg/,
CENTRE:PT9469,MINDCHAMPS PRESCHOOL@BOON KENG PTE LTD,339213,,,0,unavailable,unavailable,,
CENTRE:NT0553,MY FIRST SKOOL,750491,https://www.myfirstskool.com/alc-lifesg,www.myfirstskool.com,1,school_specific_candidate,not_verified,https://www.myfirstskool.com/alc-lifesg,
CENTRE:NT0617,My First Skool,524972,https://www.myfirstskool.com/,www.myfirstskool.com,7,shared_operator_page_candidate,not_verified,https://www.myfirstskool.com/,
CENTRE:PT8290,CARPE DIEM CHILDCARE PTE. LTD.,650318,https://v2.taidii.com/enquiry/publicec?center=36oybncs9pvyk9idoop2unpnrqrsmdp5fgy53cqmfkk%3D,v2.taidii.com,1,school_specific_candidate,not_verified,https://v2.taidii.com/enquiry/publicec?center=36oybncs9pvyk9idoop2unpnrqrsmdp5fgy53cqmfkk%3D | https://v2.taidii.com/enquiry/publicec/new?hq=36oybncs9pvyk9idoop2ul5l2qvolaqhuliukfhs3yw%3D&temp_id=36oybncs9pvyk9idoop2uum4s5m+,
CENTRE:SK0002,Skool4kidz Preschool,730024,https://skool4kidz.com.sg/,skool4kidz.com.sg,28,shared_operator_page_candidate,not_verified,https://skool4kidz.com.sg/,
CENTRE:PT8691,AGAPE LITTLE UNI CECIL,69533,,,0,unavailable,unavailable,,
CENTRE:PT8200,CARPE DIEM KIDSWORLD PTE. LTD.,640739,https://carpediem.com.sg/,carpediem.com.sg,4,shared_operator_page_candidate,not_verified,https://carpediem.com.sg/,
CENTRE:ST0390,PCF Sparkletots Preschool @ Nee Soon Link Blk 476 (CC),760476,https://www.pcf.org.sg/sparkletots,www.pcf.org.sg,333,shared_operator_page_candidate,not_verified,https://www.pcf.org.sg/sparkletots,
CENTRE:ST0112,PCF Sparkletots Preschool @ Nee Soon Link Blk 446 (CC),760446,https://www.pcf.org.sg/sparkletots,www.pcf.org.sg,333,shared_operator_page_candidate,not_verified,https://www.pcf.org.sg/sparkletots,
CENTRE:PT9393,MAPLEBEAR DEVELOPMENT CENTRE PTE LTD,757088,https://www.maplebear.sg/,www.maplebear.sg,8,shared_operator_page_candidate,not_verified,https://www.maplebear.sg/,
CENTRE:PT9953,Ace @ Work Childcare Pte Ltd (ATPCC),739069,https://www.aceatwork.com.sg/,www.aceatwork.com.sg,8,shared_operator_page_candidate,not_verified,https://www.aceatwork.com.sg/,
CENTRE:PT9950,MindChamps Performing Arts Preschool @ Loyang,509397,,,0,unavailable,unavailable,,
CENTRE:PT9419,Mindchamps Preschool @ Stevens Pte. Ltd.,259101,https://www.mindchamps.org/location/raffles-town-club,www.mindchamps.org,1,school_specific_candidate,not_verified,https://www.mindchamps.org/location/raffles-town-club,
CENTRE:PT1450,BLOSSOM CREATIVE CENTRE LLP,468182,,,0,unavailable,unavailable,,
CENTRE:ST0193,PCF Sparkletots Preschool @ Naval Base Blk 468C (EY),753468,https://www.pcf.org.sg/sparkletots,www.pcf.org.sg,333,shared_operator_page_candidate,not_verified,https://www.pcf.org.sg/sparkletots,
CENTRE:ST0347,PCF Sparkletots Preschool @ Naval Base Blk 487 (CC),750487,https://www.pcf.org.sg/sparkletots,www.pcf.org.sg,333,shared_operator_page_candidate,not_verified,https://www.pcf.org.sg/sparkletots,
CENTRE:ST0348,PCF Sparkletots Preschool @ Chong Pang Blk 107 (KN),760107,https://www.pcf.org.sg/sparkletots,www.pcf.org.sg,333,shared_operator_page_candidate,not_verified,https://www.pcf.org.sg/sparkletots,
CENTRE:RC1220,Little Shepherds' Schoolhouse@Church of St Anthony,730331,https://littleshepherdsschoolhouse.edu.sg/,littleshepherdsschoolhouse.edu.sg,5,shared_operator_page_candidate,not_verified,https://littleshepherdsschoolhouse.edu.sg/,
CENTRE:PT9169,LITTLE FOOTPRINTS PRESCHOOL ASIA PTE. LTD.,670631,https://littlefootprints.edu.sg/,littlefootprints.edu.sg,10,shared_operator_page_candidate,not_verified,https://littlefootprints.edu.sg/,
CENTRE:RC1250,CHILD AT STREET 11 LTD,560102,https://street11.org.sg/,street11.org.sg,1,school_specific_candidate,not_verified,https://street11.org.sg/,
CENTRE:PT9310,CREATIVELAND CHILDCARE AND DEVELOPMENT CENTRE@ADMIRALTY PTE LTD,730715,,,0,unavailable,unavailable,,
CENTRE:PT8805,IMAN CHILDCARE ( WOODGROVE) PTE. LTD.,738405,https://www.iman.edu.sg/centres,www.iman.edu.sg,7,shared_operator_page_candidate,not_verified,https://www.iman.edu.sg/centres,
CENTRE:NT0602,MY FIRST SKOOL,670642,https://www.myfirstskool.com/sjc02-lifesg,www.myfirstskool.com,1,school_specific_candidate,not_verified,https://www.myfirstskool.com/sjc02-lifesg,
CENTRE:PT9462,Rainbow Cove @ Sembawang,757022,https://www.rainbowcove.com.sg/,www.rainbowcove.com.sg,1,school_specific_candidate,not_verified,https://www.rainbowcove.com.sg/,
CENTRE:PT9182,LITTLE PADDINGTON PRESCHOOL SERANGOON PTE. LTD.,548542,https://www.littlepaddington.com/,www.littlepaddington.com,4,shared_operator_page_candidate,not_verified,https://www.littlepaddington.com/,
CENTRE:ST0370,PCF Sparkletots Preschool @ Bukit Timah Blk 312B (DS),122312,https://www.pcf.org.sg/sparkletots,www.pcf.org.sg,333,shared_operator_page_candidate,not_verified,https://www.pcf.org.sg/sparkletots,
CENTRE:PT8952,SUNSHINE KIDS CARE CENTRE PTE. LTD.,822101,https://www.sunshinekids.com.sg/,www.sunshinekids.com.sg,2,shared_operator_page_candidate,not_verified,https://www.sunshinekids.com.sg/,
CENTRE:ST0201,PCF Sparkletots Preschool @ Sembawang Central Blk 115B (CC),752115,https://www.pcf.org.sg/sparkletots,www.pcf.org.sg,333,shared_operator_page_candidate,not_verified,https://www.pcf.org.sg/sparkletots,
CENTRE:PT9509,HAPPY KIDS PRESCHOOL PTE. LTD.,388384,https://www.littleatlaspreschool.com/,www.littleatlaspreschool.com,1,school_specific_candidate,not_verified,https://www.littleatlaspreschool.com/,
CENTRE:RC0500,Little Olive Tree,670439,https://www.littleolivetree.edu.sg/,www.littleolivetree.edu.sg,11,shared_operator_page_candidate,not_verified,https://www.littleolivetree.edu.sg/,
CENTRE:PW0121,Little Olive Tree,510229,https://www.littleolivetree.sg/,www.littleolivetree.sg,1,school_specific_candidate,not_verified,https://www.littleolivetree.sg/,
CENTRE:PW0120,Little Olive Tree,760411,https://www.littleolivetree.edu.sg/,www.littleolivetree.edu.sg,11,shared_operator_page_candidate,not_verified,https://www.littleolivetree.edu.sg/,
CENTRE:PW0110,Little Olive Tree,271011,https://www.littleolivetree.edu.sg/,www.littleolivetree.edu.sg,11,shared_operator_page_candidate,not_verified,https://www.littleolivetree.edu.sg/,
CENTRE:PW0100,LITTLE OLIVE TREE,560442,https://www.littleolivetree.edu.sg/,www.littleolivetree.edu.sg,11,shared_operator_page_candidate,not_verified,https://www.littleolivetree.edu.sg/,
CENTRE:PW0090,Little Olive Tree,520432,https://www.littleolivetree.edu.sg/,www.littleolivetree.edu.sg,11,shared_operator_page_candidate,not_verified,https://www.littleolivetree.edu.sg/,
CENTRE:PW0080,Little Olive Tree,650116,https://www.littleolivetree.edu.sg/,www.littleolivetree.edu.sg,11,shared_operator_page_candidate,not_verified,https://www.littleolivetree.edu.sg/,
CENTRE:PW0060,Little Olive Tree,530127,https://www.littleolivetree.edu.sg/,www.littleolivetree.edu.sg,11,shared_operator_page_candidate,not_verified,https://www.littleolivetree.edu.sg/,
CENTRE:PW0040,Little Olive Tree,730023,https://www.littleolivetree.edu.sg/,www.littleolivetree.edu.sg,11,shared_operator_page_candidate,not_verified,https://www.littleolivetree.edu.sg/,
CENTRE:ST0182,PCF Sparkletots Preschool @ Sembawang Central Blk 105 (CC),750105,https://www.pcf.org.sg/sparkletots,www.pcf.org.sg,333,shared_operator_page_candidate,not_verified,https://www.pcf.org.sg/sparkletots,
CENTRE:ST0345,PCF Sparkletots Preschool @ Canberra Blk 309 (EY),750309,https://www.pcf.org.sg/sparkletots,www.pcf.org.sg,333,shared_operator_page_candidate,not_verified,https://www.pcf.org.sg/sparkletots,
CENTRE:PT9664,IMAN KINDERGARTEN (YISHUN) PTE LTD,760934,https://www.iman.edu.sg/centres,www.iman.edu.sg,7,shared_operator_page_candidate,not_verified,https://www.iman.edu.sg/centres,
CENTRE:RC1788,CANOSSAVILLE CHILDREN AND COMMUNITY SERVICES,387621,https://canossaville.org.sg/our-services/canossaville-preschool,canossaville.org.sg,1,school_specific_candidate,not_verified,https://canossaville.org.sg/our-services/canossaville-preschool,
CENTRE:ST0127,PCF Sparkletots Preschool @ Punggol Shore Blk 622C (CC),823622,https://www.pcf.org.sg/sparkletots,www.pcf.org.sg,333,shared_operator_page_candidate,not_verified,https://www.pcf.org.sg/sparkletots,
CENTRE:ST0367,PCF Sparkletots Preschool @ Punggol Shore Blk 663A (DS),821663,https://www.pcf.org.sg/sparkletots,www.pcf.org.sg,333,shared_operator_page_candidate,not_verified,https://www.pcf.org.sg/sparkletots,
CENTRE:RC1260,Foo Hai Aspiration Child Care Centre @ Tampines,520871,,,0,unavailable,unavailable,,
CENTRE:PT9905,Little Unicorn Preschool,540339,,,0,unavailable,unavailable,,
CENTRE:ST0346,PCF Sparkletots Preschool @ Canberra Blk 330 (DS),750330,https://www.pcf.org.sg/sparkletots,www.pcf.org.sg,333,shared_operator_page_candidate,not_verified,https://www.pcf.org.sg/sparkletots,
CENTRE:PT9939,Ace @ Work Childcare Pte Ltd (BPCC),678295,https://www.aceatwork.com.sg/,www.aceatwork.com.sg,8,shared_operator_page_candidate,not_verified,https://www.aceatwork.com.sg/,
CENTRE:NT0390,MY FIRST SKOOL,680602,https://www.myfirstskool.com/ytc-lifesg,www.myfirstskool.com,1,school_specific_candidate,not_verified,https://www.myfirstskool.com/ytc-lifesg,
CENTRE:NT0360,MY FIRST SKOOL,760612,https://www.myfirstskool.com/yc2-lifesg,www.myfirstskool.com,1,school_specific_candidate,not_verified,https://www.myfirstskool.com/yc2-lifesg,
CENTRE:NT0180,MY FIRST SKOOL,761796,https://www.myfirstskool.com/ycc-lifesg,www.myfirstskool.com,1,school_specific_candidate,not_verified,https://www.myfirstskool.com/ycc-lifesg,
CENTRE:NT0551,MY FIRST SKOOL,330049,https://www.myfirstskool.com/wp2-lifesg,www.myfirstskool.com,1,school_specific_candidate,not_verified,https://www.myfirstskool.com/wp2-lifesg,
CENTRE:NT0300,MY FIRST SKOOL,320085,https://www.myfirstskool.com/wpc-lifesg,www.myfirstskool.com,1,school_specific_candidate,not_verified,https://www.myfirstskool.com/wpc-lifesg,
CENTRE:PT1900,LITTLE FOOTPRINTS PRESCHOOL PTE. LTD.,760366,https://www.littlefootprints.edu.sg/,www.littlefootprints.edu.sg,37,shared_operator_page_candidate,not_verified,https://www.littlefootprints.edu.sg/,
CENTRE:PT8693,KinderBuds Preschool,573954,https://www.kinderbuds.com.sg/,www.kinderbuds.com.sg,1,school_specific_candidate,not_verified,https://www.kinderbuds.com.sg/,
CENTRE:RC1690,Little Shepherds' Schoolhouse@St Joseph's Church,679331,https://littleshepherdsschoolhouse.edu.sg/,littleshepherdsschoolhouse.edu.sg,5,shared_operator_page_candidate,not_verified,https://littleshepherdsschoolhouse.edu.sg/,
CENTRE:RC1901,Little Seeds Preschool,650247,https://www.littleseeds.edu.sg/,www.littleseeds.edu.sg,15,shared_operator_page_candidate,not_verified,https://www.littleseeds.edu.sg/,
CENTRE:PT8688,LITTLE FOOTPRINTS PRESCHOOL PTE. LTD.,730551,https://www.littlefootprints.edu.sg/,www.littlefootprints.edu.sg,37,shared_operator_page_candidate,not_verified,https://www.littlefootprints.edu.sg/,
CENTRE:PT9130,MINDCHAMPS PRESCHOOL @JUNCTION 10 PTE LIMITED,677899,,,0,unavailable,unavailable,,
CENTRE:PT9293,Little Greenhouse @ Punggol Pte Ltd,823195,https://littlegreenhouse.com.sg/,littlegreenhouse.com.sg,1,school_specific_candidate,not_verified,https://littlegreenhouse.com.sg/,
CENTRE:ST0188,PCF Sparkletots Preschool @ Punggol Shore (EY),828717,https://pcfsparkletots.org.sg/,pcfsparkletots.org.sg,2,shared_operator_page_candidate,not_verified,https://pcfsparkletots.org.sg/,
CENTRE:ST0192,PCF SPARKLETOTS PRESCHOOL @ TAMPINES NORTH BLK 492 (CC),524492,https://www.pcf.org.sg/sparkletots,www.pcf.org.sg,333,shared_operator_page_candidate,not_verified,https://www.pcf.org.sg/sparkletots,
CENTRE:NT0340,MY FIRST SKOOL,730406,https://www.myfirstskool.com/wd2-lifesg,www.myfirstskool.com,1,school_specific_candidate,not_verified,https://www.myfirstskool.com/wd2-lifesg,
CENTRE:NT0270,MY FIRST SKOOL,730848,https://www.myfirstskool.com/wcc-lifesg,www.myfirstskool.com,1,school_specific_candidate,not_verified,https://www.myfirstskool.com/wcc-lifesg,
CENTRE:NT0548,MY FIRST SKOOL,310236,https://www.myfirstskool.com/tp5-lifesg,www.myfirstskool.com,1,school_specific_candidate,not_verified,https://www.myfirstskool.com/tp5-lifesg,
CENTRE:NT0531,MY FIRST SKOOL,310219,https://www.myfirstskool.com/tp4-lifesg,www.myfirstskool.com,1,school_specific_candidate,not_verified,https://www.myfirstskool.com/tp4-lifesg,
CENTRE:NT0524,MY FIRST SKOOL,311014,https://www.myfirstskool.com/tp3-lifesg,www.myfirstskool.com,1,school_specific_candidate,not_verified,https://www.myfirstskool.com/tp3-lifesg,
CENTRE:NT0509,MY FIRST SKOOL,310055,https://www.myfirstskool.com/tp2-lifesg,www.myfirstskool.com,1,school_specific_candidate,not_verified,https://www.myfirstskool.com/tp2-lifesg,
CENTRE:PT9470,THE ORANGE ACADEMY (YISHUN) PTE LTD,768019,https://orangeacademy.com.sg/,orangeacademy.com.sg,2,shared_operator_page_candidate,not_verified,https://orangeacademy.com.sg/,
CENTRE:NT0484,MY FIRST SKOOL,520135,https://www.myfirstskool.com/tm2-lifesg,www.myfirstskool.com,1,school_specific_candidate,not_verified,https://www.myfirstskool.com/tm2-lifesg,
CENTRE:NT0517,MY FIRST SKOOL,82002,https://www.myfirstskool.com/tjp-lifesg,www.myfirstskool.com,1,school_specific_candidate,not_verified,https://www.myfirstskool.com/tjp-lifesg,
CENTRE:NT0497,MY FIRST SKOOL,100063,https://www.myfirstskool.com/tbc-lifesg,www.myfirstskool.com,1,school_specific_candidate,not_verified,https://www.myfirstskool.com/tbc-lifesg,
CENTRE:NT0498,MY FIRST SKOOL,550306,https://www.myfirstskool.com/sn3-lifesg,www.myfirstskool.com,1,school_specific_candidate,not_verified,https://www.myfirstskool.com/sn3-lifesg,
CENTRE:NT0485,MY FIRST SKOOL,550219,https://www.myfirstskool.com/sn2-lifesg,www.myfirstskool.com,1,school_specific_candidate,not_verified,https://www.myfirstskool.com/sn2-lifesg,
CENTRE:NT0240,MY FIRST SKOOL,550140,https://www.myfirstskool.com/snc-lifesg,www.myfirstskool.com,1,school_specific_candidate,not_verified,https://www.myfirstskool.com/snc-lifesg,
CENTRE:NT0495,MY FIRST SKOOL,141082,https://www.myfirstskool.com/smc-lifesg,www.myfirstskool.com,1,school_specific_candidate,not_verified,https://www.myfirstskool.com/smc-lifesg,
CENTRE:NT0519,MY FIRST SKOOL,670654,https://www.myfirstskool.com/sjc-lifesg,www.myfirstskool.com,1,school_specific_candidate,not_verified,https://www.myfirstskool.com/sjc-lifesg,
CENTRE:NT0549,MY FIRST SKOOL,670487,https://www.myfirstskool.com/sgc-lifesg,www.myfirstskool.com,1,school_specific_candidate,not_verified,https://www.myfirstskool.com/sgc-lifesg,
CENTRE:NT0400,MY FIRST SKOOL,750331,https://www.myfirstskool.com/scc-lifesg,www.myfirstskool.com,1,school_specific_candidate,not_verified,https://www.myfirstskool.com/scc-lifesg,
CENTRE:NT0530,MY FIRST SKOOL,350134,https://www.myfirstskool.com/ptc-lifesg,www.myfirstskool.com,1,school_specific_candidate,not_verified,https://www.myfirstskool.com/ptc-lifesg,
CENTRE:NT0538,MY FIRST SKOOL,510197,https://www.myfirstskool.com/pr4-lifesg,www.myfirstskool.com,1,school_specific_candidate,not_verified,https://www.myfirstskool.com/pr4-lifesg,
CENTRE:NT0511,MY FIRST SKOOL,510568,https://www.myfirstskool.com/pr3-lifesg,www.myfirstskool.com,1,school_specific_candidate,not_verified,https://www.myfirstskool.com/pr3-lifesg,
CENTRE:NT0488,MY FIRST SKOOL,510487,https://www.myfirstskool.com/pr2-lifesg,www.myfirstskool.com,1,school_specific_candidate,not_verified,https://www.myfirstskool.com/pr2-lifesg,
CENTRE:NT0310,MY FIRST SKOOL,510637,https://www.myfirstskool.com/prs-lifesg,www.myfirstskool.com,1,school_specific_candidate,not_verified,https://www.myfirstskool.com/prs-lifesg,
CENTRE:NT0536,MY FIRST SKOOL,821306,https://www.myfirstskool.com/pc3-lifesg,www.myfirstskool.com,1,school_specific_candidate,not_verified,https://www.myfirstskool.com/pc3-lifesg,
CENTRE:ST0100,PCF SPARKLETOTS PRESCHOOL @ WOODLANDS BLK 801 (CC),730801,https://www.pcf.org.sg/sparkletots,www.pcf.org.sg,333,shared_operator_page_candidate,not_verified,https://www.pcf.org.sg/sparkletots,
CENTRE:PT8828,BLOSSOM DISCOVERY CENTRE LLP,556770,https://www.blossomedugroup.com.sg/,www.blossomedugroup.com.sg,2,shared_operator_page_candidate,not_verified,https://www.blossomedugroup.com.sg/,
CENTRE:PT3190,BLOSSOM EDUCARE CENTRE LLP,536668,https://www.blossomedugroup.com.sg/,www.blossomedugroup.com.sg,2,shared_operator_page_candidate,not_verified,https://www.blossomedugroup.com.sg/,
CENTRE:PT8995,Learning Vision Lifelong Learning Institute (Paya Lebar),408601,,,0,unavailable,unavailable,,
CENTRE:PT9399,BRAINY BUNCH WOODLANDS PTE LTD,737854,,,0,unavailable,unavailable,,
CENTRE:EB0024,E-Bridge Pre-School Pte Ltd,762471,https://info.e-bridge.edu.sg/registration-of-interest,info.e-bridge.edu.sg,23,shared_operator_page_candidate,not_verified,https://info.e-bridge.edu.sg/registration-of-interest,
CENTRE:PT9480,CAMBERLEY LOYANG PRE-SCHOOL PRIVATE LIMITED,509575,https://www.camberley.com.sg/,www.camberley.com.sg,2,shared_operator_page_candidate,not_verified,https://www.camberley.com.sg/,
CENTRE:NT0532,MY FIRST SKOOL,821267,https://www.myfirstskool.com/pc2-lifesg,www.myfirstskool.com,1,school_specific_candidate,not_verified,https://www.myfirstskool.com/pc2-lifesg,
CENTRE:NT0472,MY FIRST SKOOL,820166,https://www.myfirstskool.com/pcc-lifesg,www.myfirstskool.com,1,school_specific_candidate,not_verified,https://www.myfirstskool.com/pcc-lifesg,
CENTRE:NT0499,MY FIRST SKOOL,440018,https://www.myfirstskool.com/mtc-lifesg,www.myfirstskool.com,1,school_specific_candidate,not_verified,https://www.myfirstskool.com/mtc-lifesg,
CENTRE:PT7810,NUTURE TOTS PRE-SCHOOL PTE. LTD.,519923,https://www.nuturetotspreschool.com/,www.nuturetotspreschool.com,1,school_specific_candidate,not_verified,https://www.nuturetotspreschool.com/,
CENTRE:NT0190,MY FIRST SKOOL,310248,https://www.myfirstskool.com/kkc-lifesg,www.myfirstskool.com,1,school_specific_candidate,not_verified,https://www.myfirstskool.com/kkc-lifesg,
CENTRE:NT0539,MY FIRST SKOOL,640459,https://www.myfirstskool.com/jw8-lifesg,www.myfirstskool.com,1,school_specific_candidate,not_verified,https://www.myfirstskool.com/jw8-lifesg,
CENTRE:NT0535,MY FIRST SKOOL,641681,https://www.myfirstskool.com/jw7-lifesg,www.myfirstskool.com,1,school_specific_candidate,not_verified,https://www.myfirstskool.com/jw7-lifesg,
CENTRE:PT9744,Big Einstein Academy @ Tampines Pte Ltd,522497,https://www.bigeinsteinacademy.com/,www.bigeinsteinacademy.com,1,school_specific_candidate,not_verified,https://www.bigeinsteinacademy.com/,
CENTRE:NT0518,MY FIRST SKOOL,618616,https://www.myfirstskool.com/yac-lifesg,www.myfirstskool.com,1,school_specific_candidate,not_verified,https://www.myfirstskool.com/yac-lifesg,
CENTRE:NT0513,MY FIRST SKOOL,570236,https://www.myfirstskool.com/bs2-lifesg,www.myfirstskool.com,1,school_specific_candidate,not_verified,https://www.myfirstskool.com/bs2-lifesg,
CENTRE:NT0510,MY FIRST SKOOL,150106,https://www.myfirstskool.com/hdc-lifesg,www.myfirstskool.com,1,school_specific_candidate,not_verified,https://www.myfirstskool.com/hdc-lifesg,
CENTRE:NT0508,MY FIRST SKOOL,560209,https://www.myfirstskool.com/mk6-lifesg,www.myfirstskool.com,1,school_specific_candidate,not_verified,https://www.myfirstskool.com/mk6-lifesg,
CENTRE:NT0507,MY FIRST SKOOL,820183,https://www.myfirstskool.com/efc-lifesg,www.myfirstskool.com,1,school_specific_candidate,not_verified,https://www.myfirstskool.com/efc-lifesg,
CENTRE:NT0506,MY FIRST SKOOL,190019,https://www.myfirstskool.com/jsc-lifesg,www.myfirstskool.com,1,school_specific_candidate,not_verified,https://www.myfirstskool.com/jsc-lifesg,
CENTRE:NT0505,MY FIRST SKOOL,680205,https://www.myfirstskool.com/ck2-lifesg,www.myfirstskool.com,1,school_specific_candidate,not_verified,https://www.myfirstskool.com/ck2-lifesg,
CENTRE:NT0504,MY FIRST SKOOL,272018,https://www.myfirstskool.com/hlc-lifesg,www.myfirstskool.com,1,school_specific_candidate,not_verified,https://www.myfirstskool.com/hlc-lifesg,
CENTRE:NT0502,MY FIRST SKOOL,821126,https://www.myfirstskool.com/edc-lifesg,www.myfirstskool.com,1,school_specific_candidate,not_verified,https://www.myfirstskool.com/edc-lifesg,
CENTRE:NT0501,MY FIRST SKOOL,380128,https://www.myfirstskool.com/gec-lifesg,www.myfirstskool.com,1,school_specific_candidate,not_verified,https://www.myfirstskool.com/gec-lifesg,
CENTRE:NT0500,MY FIRST SKOOL,643648,https://www.myfirstskool.com/jw4-lifesg,www.myfirstskool.com,1,school_specific_candidate,not_verified,https://www.myfirstskool.com/jw4-lifesg,
CENTRE:NT0496,MY FIRST SKOOL,460503,https://www.myfirstskool.com/bc2-lifesg,www.myfirstskool.com,1,school_specific_candidate,not_verified,https://www.myfirstskool.com/bc2-lifesg,
CENTRE:NT0494,MY FIRST SKOOL,650291,https://www.myfirstskool.com/bb2-lifesg,www.myfirstskool.com,1,school_specific_candidate,not_verified,https://www.myfirstskool.com/bb2-lifesg,
CENTRE:NT0492,MY FIRST SKOOL,530528,https://www.myfirstskool.com/hc3-lifesg,www.myfirstskool.com,1,school_specific_candidate,not_verified,https://www.myfirstskool.com/hc3-lifesg,
CENTRE:NT0490,MY FIRST SKOOL,530677,https://www.myfirstskool.com/hc4-lifesg,www.myfirstskool.com,1,school_specific_candidate,not_verified,https://www.myfirstskool.com/hc4-lifesg,
CENTRE:NT0487,MY FIRST SKOOL,640409,https://www.myfirstskool.com/jw3-lifesg,www.myfirstskool.com,1,school_specific_candidate,not_verified,https://www.myfirstskool.com/jw3-lifesg,
CENTRE:NT0483,MY FIRST SKOOL,542302,https://www.myfirstskool.com/av2-lifesg,www.myfirstskool.com,1,school_specific_candidate,not_verified,https://www.myfirstskool.com/av2-lifesg,
CENTRE:NT0482,MY FIRST SKOOL,120375,https://www.myfirstskool.com/cc3-lifesg,www.myfirstskool.com,1,school_specific_candidate,not_verified,https://www.myfirstskool.com/cc3-lifesg,
CENTRE:NT0481,MY FIRST SKOOL,560601,https://www.myfirstskool.com/mk4-lifesg,www.myfirstskool.com,1,school_specific_candidate,not_verified,https://www.myfirstskool.com/mk4-lifesg,
CENTRE:NT0480,MY FIRST SKOOL,560331,https://www.myfirstskool.com/mk5-lifesg,www.myfirstskool.com,1,school_specific_candidate,not_verified,https://www.myfirstskool.com/mk5-lifesg,
CENTRE:NT0478,MY FIRST SKOOL,560541,https://www.myfirstskool.com/mk3-lifesg,www.myfirstskool.com,1,school_specific_candidate,not_verified,https://www.myfirstskool.com/mk3-lifesg,
CENTRE:NT0476,MY FIRST SKOOL,540269,https://www.myfirstskool.com/cv4-lifesg,www.myfirstskool.com,1,school_specific_candidate,not_verified,https://www.myfirstskool.com/cv4-lifesg,
CENTRE:NT0470,MY FIRST SKOOL,641671,https://www.myfirstskool.com/jw2-lifesg,www.myfirstskool.com,1,school_specific_candidate,not_verified,https://www.myfirstskool.com/jw2-lifesg,
CENTRE:NT0460,MY FIRST SKOOL,530170,https://www.myfirstskool.com/hc2-lifesg,www.myfirstskool.com,1,school_specific_candidate,not_verified,https://www.myfirstskool.com/hc2-lifesg,
CENTRE:NT0450,MY FIRST SKOOL,543308,https://www.myfirstskool.com/avc-lifesg,www.myfirstskool.com,1,school_specific_candidate,not_verified,https://www.myfirstskool.com/avc-lifesg,
CENTRE:NT0410,MY FIRST SKOOL,650260,https://www.myfirstskool.com/bbc01-lifesg,www.myfirstskool.com,1,school_specific_candidate,not_verified,https://www.myfirstskool.com/bbc01-lifesg,
CENTRE:NT0350,MY FIRST SKOOL,560329,https://www.myfirstskool.com/mk2-lifesg,www.myfirstskool.com,1,school_specific_candidate,not_verified,https://www.myfirstskool.com/mk2-lifesg,
CENTRE:NT0320,MY FIRST SKOOL,430001,https://www.myfirstskool.com/hrc-lifesg,www.myfirstskool.com,1,school_specific_candidate,not_verified,https://www.myfirstskool.com/hrc-lifesg,
CENTRE:NT0290,MY FIRST SKOOL,530667,https://www.myfirstskool.com/hcc-lifesg,www.myfirstskool.com,1,school_specific_candidate,not_verified,https://www.myfirstskool.com/hcc-lifesg,
CENTRE:NT0250,MY FIRST SKOOL,600209,https://www.myfirstskool.com/jec-lifesg,www.myfirstskool.com,1,school_specific_candidate,not_verified,https://www.myfirstskool.com/jec-lifesg,
CENTRE:NT0230,MY FIRST SKOOL,570245,https://www.myfirstskool.com/bsc-lifesg,www.myfirstskool.com,1,school_specific_candidate,not_verified,https://www.myfirstskool.com/bsc-lifesg,
CENTRE:NT0220,MY FIRST SKOOL,640518,https://www.myfirstskool.com/jwc-lifesg,www.myfirstskool.com,1,school_specific_candidate,not_verified,https://www.myfirstskool.com/jwc-lifesg,
CENTRE:NT0210,MY FIRST SKOOL,680212,https://www.myfirstskool.com/cck-lifesg,www.myfirstskool.com,1,school_specific_candidate,not_verified,https://www.myfirstskool.com/cck-lifesg,
CENTRE:PT9139,Blossom Genesis Centre Pte Ltd,570201,https://www.blossom.sg/,www.blossom.sg,1,school_specific_candidate,not_verified,https://www.blossom.sg/,
CENTRE:NT0200,MY FIRST SKOOL,670235,https://www.myfirstskool.com/bpc-lifesg,www.myfirstskool.com,1,school_specific_candidate,not_verified,https://www.myfirstskool.com/bpc-lifesg,
CENTRE:NT0090,MY FIRST SKOOL,399974,https://www.myfirstskool.com/gcc-lifesg,www.myfirstskool.com,1,school_specific_candidate,not_verified,https://www.myfirstskool.com/gcc-lifesg,
CENTRE:NT0070,MY FIRST SKOOL,330066,https://www.myfirstskool.com/kbc-lifesg,www.myfirstskool.com,1,school_specific_candidate,not_verified,https://www.myfirstskool.com/kbc-lifesg,
CENTRE:NT0060,MY FIRST SKOOL,610333,https://www.myfirstskool.com/jcc-lifesg,www.myfirstskool.com,1,school_specific_candidate,not_verified,https://www.myfirstskool.com/jcc-lifesg,
CENTRE:NT0030,MY FIRST SKOOL,560343,https://www.myfirstskool.com/amk-lifesg,www.myfirstskool.com,1,school_specific_candidate,not_verified,https://www.myfirstskool.com/amk-lifesg,
CENTRE:PT4510,ACE @ WORK EDUCARE PTE LTD,602288,https://www.aceatwork.com.sg/,www.aceatwork.com.sg,8,shared_operator_page_candidate,not_verified,https://www.aceatwork.com.sg/,
CENTRE:NT0020,MY FIRST SKOOL,120428,https://www.myfirstskool.com/ccc-lifesg,www.myfirstskool.com,1,school_specific_candidate,not_verified,https://www.myfirstskool.com/ccc-lifesg,
CENTRE:PT8361,First Steps Preschool @ Depot Road,100108,https://www.ourfirststeps.com.sg/,www.ourfirststeps.com.sg,2,shared_operator_page_candidate,not_verified,https://www.ourfirststeps.com.sg/,
CENTRE:PT1230,Mulberry Learning @ Somerset,239803,,,0,unavailable,unavailable,,
CENTRE:PT8962,MindChamps PreSchool @ Woodlands,737853,,,0,unavailable,unavailable,,
CENTRE:NT0533,MY FIRST SKOOL,643656,https://www.myfirstskool.com/jw6-lifesg,www.myfirstskool.com,1,school_specific_candidate,not_verified,https://www.myfirstskool.com/jw6-lifesg,
CENTRE:PT8924,LITTLE FOOTPRINTS PRESCHOOL PTE. LTD.,688236,https://www.littlefootprints.edu.sg/,www.littlefootprints.edu.sg,37,shared_operator_page_candidate,not_verified,https://www.littlefootprints.edu.sg/,
CENTRE:NT0520,MY FIRST SKOOL,640613,https://www.myfirstskool.com/jw5-lifesg,www.myfirstskool.com,1,school_specific_candidate,not_verified,https://www.myfirstskool.com/jw5-lifesg,
CENTRE:PT9302,SUNFLOWER PRESCHOOL @ BEDOK PTE LTD,460215,https://www.sunflowerkid.com/,www.sunflowerkid.com,26,shared_operator_page_candidate,not_verified,https://www.sunflowerkid.com/,
CENTRE:ST0129,PCF SPARKLETOTS PRESCHOOL @ BUKIT TIMAH BLK 12 (CC),590012,https://www.pcf.org.sg/sparkletots,www.pcf.org.sg,333,shared_operator_page_candidate,not_verified,https://www.pcf.org.sg/sparkletots,
CENTRE:PT8522,Wonder Yard Schoolhouse,556912,https://wonderyard.org/,wonderyard.org,1,school_specific_candidate,not_verified,https://wonderyard.org/,
CENTRE:NT0537,MY FIRST SKOOL,161051,https://www.myfirstskool.com/hvc01-lifesg,www.myfirstskool.com,1,school_specific_candidate,not_verified,https://www.myfirstskool.com/hvc01-lifesg,
CENTRE:PT8908,MINDCHAMPS PRESCHOOL @ SERANGOON PTE. LIMITED,556741,,,0,unavailable,unavailable,,
CENTRE:PT9656,MAPLEBEAR ADAM,299574,https://www.mynt.sg/,www.mynt.sg,1,school_specific_candidate,not_verified,https://www.mynt.sg/,
CENTRE:NT0541,MY FIRST SKOOL,750303,https://www.myfirstskool.com/crc-lifesg,www.myfirstskool.com,1,school_specific_candidate,not_verified,https://www.myfirstskool.com/crc-lifesg,
CENTRE:PT9863,Ang Mo Kio Methodist Preschool,569383,https://methodistpreschools.org/,methodistpreschools.org,4,shared_operator_page_candidate,not_verified,https://methodistpreschools.org/,
CENTRE:PT9170,Oxford Explorers @ Braddell,358421,https://oxfordexplorers.sg/,oxfordexplorers.sg,2,shared_operator_page_candidate,not_verified,https://oxfordexplorers.sg/,
CENTRE:NT0544,MY FIRST SKOOL,160137,https://www.myfirstskool.com/bm2-lifesg,www.myfirstskool.com,1,school_specific_candidate,not_verified,https://www.myfirstskool.com/bm2-lifesg,
CENTRE:NT0552,MY FIRST SKOOL,642180,https://www.myfirstskool.com/bl3-lifesg,www.myfirstskool.com,1,school_specific_candidate,not_verified,https://www.myfirstskool.com/bl3-lifesg,
CENTRE:NT0526,MY FIRST SKOOL,460001,https://www.myfirstskool.com/bc3-lifesg,www.myfirstskool.com,1,school_specific_candidate,not_verified,https://www.myfirstskool.com/bc3-lifesg,
CENTRE:RC1750,7oaks Preschool - Jurong St. 81,640826,https://7oaks.sg/,7oaks.sg,2,shared_operator_page_candidate,not_verified,https://7oaks.sg/,
CENTRE:NT0528,MY FIRST SKOOL,541314,https://www.myfirstskool.com/av3-lifesg,www.myfirstskool.com,1,school_specific_candidate,not_verified,https://www.myfirstskool.com/av3-lifesg,
CENTRE:PT9774,Sengkang Methodist Preschool,545056,https://methodistpreschools.org/,methodistpreschools.org,4,shared_operator_page_candidate,not_verified,https://methodistpreschools.org/,
CENTRE:PT9518,STAR LEARNERS @ YISHUN PTE LTD,768159,https://starlearners.com.sg/our-centres/yishun,starlearners.com.sg,1,school_specific_candidate,not_verified,https://starlearners.com.sg/our-centres/yishun,
CENTRE:NT0527,MY FIRST SKOOL,560571,https://www.myfirstskool.com/mk7-lifesg,www.myfirstskool.com,1,school_specific_candidate,not_verified,https://www.myfirstskool.com/mk7-lifesg,
CENTRE:RC1755,CHANGI BETHANY SCHOOL-HOUSE,486824,,,0,unavailable,unavailable,,
CENTRE:PT9865,Small Wonder Preschool Toa Payoh,310530,,,0,unavailable,unavailable,,
CENTRE:PT9224,Oxford Explorers @ Sennett Pte Ltd,466912,https://rainbowcove.com.sg/,rainbowcove.com.sg,2,shared_operator_page_candidate,not_verified,https://rainbowcove.com.sg/ | https://oxfordexplorers.sg/,
CENTRE:PT9300,MapleBear Juniors Pte Ltd,519497,,,0,unavailable,unavailable,,
CENTRE:PT9630,Children's Vineyard Kindergarten,428102,https://childrensvineyard.com/,childrensvineyard.com,1,school_specific_candidate,not_verified,https://childrensvineyard.com/,
CENTRE:PT9785,ELITE KIDZ PRESCHOOL,609342,https://www.elitekidz-preschool.com/,www.elitekidz-preschool.com,1,school_specific_candidate,not_verified,https://www.elitekidz-preschool.com/,
CENTRE:PT9221,WHIZ KIDS MONTESSORI @HOUGANG PTE LTD,530539,,,0,unavailable,unavailable,,
CENTRE:WP0733,Learning Vision Changi Airport (Terminal 3),819663,http://www.learningvision.com/,www.learningvision.com,1,school_specific_candidate,not_verified,http://www.learningvision.com/,
CENTRE:WP0280,Learning Vision Tan Tock Seng Hospital,308433,,,0,unavailable,unavailable,,
CENTRE:PT9926,The Schoolhouse Kovan 2,544914,,,0,unavailable,unavailable,,
CENTRE:PT9896,Cambridge @ Midwood Pte. Ltd,667971,https://cambridge.school/,cambridge.school,6,shared_operator_page_candidate,not_verified,https://cambridge.school/,
CENTRE:PT9892,Cambridge @ Holland Pte Ltd,279621,,,0,unavailable,unavailable,,
CENTRE:PT9784,HANIS Montessori Playhouse ( Elias Mall ),510623,https://ehanis.com/,ehanis.com,5,shared_operator_page_candidate,not_verified,https://ehanis.com/,
CENTRE:PT9768,Cambridge@Artra Alexandra Pte Ltd,158736,https://cambridge.school/,cambridge.school,6,shared_operator_page_candidate,not_verified,https://cambridge.school/,
CENTRE:PT9574,Hanis Montessori Kindergarten ( Choa Chu Kang ),680707,https://ehanis.com/,ehanis.com,5,shared_operator_page_candidate,not_verified,https://ehanis.com/,
CENTRE:PT9572,HANIS Montessori Playhouse ( Pasir Ris ),510775,https://ehanis.com/,ehanis.com,5,shared_operator_page_candidate,not_verified,https://ehanis.com/,
CENTRE:PT9543,CAMBRIDGE @ MACPHERSON PTE LTD,348471,https://cambridge.school/macpherson,cambridge.school,1,school_specific_candidate,not_verified,https://cambridge.school/macpherson,
CENTRE:PT9532,CAMBRIDGE@KINGSFORD WATERBAY PTE LTD,533893,https://cambridge.school/,cambridge.school,6,shared_operator_page_candidate,not_verified,https://cambridge.school/,
CENTRE:PT9515,Cambridge @ River Valley Pte. Ltd.,238308,https://cambridge.school/,cambridge.school,6,shared_operator_page_candidate,not_verified,https://cambridge.school/,
CENTRE:PT9514,AGAPE LITTLE UNI GAMBAS (NORDCOM II),757044,https://www.agapelittleuni.com/,www.agapelittleuni.com,8,shared_operator_page_candidate,not_verified,https://www.agapelittleuni.com/,
CENTRE:PT9460,Blue House Childcare,424336,https://www.bluehouseinternational.com/,www.bluehouseinternational.com,3,shared_operator_page_candidate,not_verified,https://www.bluehouseinternational.com/,
CENTRE:PT9422,Learning Vision Changi Business Park,486042,https://learningvision.com/,learningvision.com,2,shared_operator_page_candidate,not_verified,https://learningvision.com/,
CENTRE:PT9284,Odyssey The Global Preschool Still Road,423934,,,0,unavailable,unavailable,,
CENTRE:PT9151,The Schoolhouse Kovan,534625,,,0,unavailable,unavailable,,
CENTRE:PT8822,CHILDFIRST @ HILLVIEW PTE LTD,669569,https://childfirst.com.sg/,childfirst.com.sg,2,shared_operator_page_candidate,not_verified,https://childfirst.com.sg/,
CENTRE:PT8820,The Schoolhouse Aroozoo,539830,https://www.theschoolhouse.com.sg/,www.theschoolhouse.com.sg,3,shared_operator_page_candidate,not_verified,https://www.theschoolhouse.com.sg/,
CENTRE:PT8737,The Schoolhouse River Valley,237994,,,0,unavailable,unavailable,,
CENTRE:PT8639,CAMBRIDGE CDC @ SENGKANG PTE. LTD.,548601,https://cambridge.school/,cambridge.school,6,shared_operator_page_candidate,not_verified,https://cambridge.school/,
CENTRE:PT8629,CAMBRIDGE @ SERANGOON GARDENS PTE. LTD.,557271,https://cambridge.school/,cambridge.school,6,shared_operator_page_candidate,not_verified,https://cambridge.school/,
CENTRE:PT8384,SHAWS CDLC @ MOUNTBATTEN PTE LTD,437839,https://www.shaws.com.sg/,www.shaws.com.sg,4,shared_operator_page_candidate,not_verified,https://www.shaws.com.sg/,
CENTRE:PT5300,Odyssey The Global Preschool Wilkinson,436559,https://www.theodyssey.sg/,www.theodyssey.sg,2,shared_operator_page_candidate,not_verified,https://www.theodyssey.sg/,
CENTRE:PT5170,The Schoolhouse Ridgewood,277114,https://www.theschoolhouse.com.sg/,www.theschoolhouse.com.sg,3,shared_operator_page_candidate,not_verified,https://www.theschoolhouse.com.sg/,
CENTRE:PT2810,SHAWS CDLC @ BRADDELL HEIGHTS PTE LTD,358666,https://www.shaws.com.sg/,www.shaws.com.sg,4,shared_operator_page_candidate,not_verified,https://www.shaws.com.sg/,
CENTRE:PT2600,Blue House Childcare (Kay Siang) Pte Ltd,248935,https://www.bluehouseinternational.com/,www.bluehouseinternational.com,3,shared_operator_page_candidate,not_verified,https://www.bluehouseinternational.com/,
CENTRE:ST0334,PCF Sparkletots Preschool @ Marsiling Blk 32 (DS),730032,https://www.pcf.org.sg/sparkletots,www.pcf.org.sg,333,shared_operator_page_candidate,not_verified,https://www.pcf.org.sg/sparkletots,
CENTRE:RC1510,7oaks Preschool - Sembawang,750316,https://www.ppis.sg/,www.ppis.sg,3,shared_operator_page_candidate,not_verified,https://www.ppis.sg/,
CENTRE:RC1784,7oaks Preschool - Jurong St. 91,640949,,,0,unavailable,unavailable,,
CENTRE:PT9363,JUNIOR CHAMPS EDUCAMPUS PTE LTD,539775,https://www.juniorchamps.com.sg/,www.juniorchamps.com.sg,4,shared_operator_page_candidate,not_verified,https://www.juniorchamps.com.sg/,
CENTRE:PT9861,Bethesda (Bedok-Tampines) Kindergarten Pte Ltd,469717,https://www.bbtc.com.sg/kindergarten,www.bbtc.com.sg,1,school_specific_candidate,not_verified,https://www.bbtc.com.sg/kindergarten,
CENTRE:RC1180,7oaks Preschool - Pasir Ris St. 11,510187,https://www.ppis.sg/,www.ppis.sg,3,shared_operator_page_candidate,not_verified,https://www.ppis.sg/ | https://www.7oaks.sg/,
CENTRE:PT9325,STAR LEARNERS @ YUNG HO PTE LTD,618593,https://starlearners.com.sg/our-centres/yung-ho,starlearners.com.sg,1,school_specific_candidate,not_verified,https://starlearners.com.sg/our-centres/yung-ho,
CENTRE:PT8497,STAR LEARNERS @ SEMBAWANG PTE. LTD.,758440,https://starlearners.com.sg/our-centres/sembawang-place,starlearners.com.sg,1,school_specific_candidate,not_verified,https://starlearners.com.sg/our-centres/sembawang-place,
CENTRE:PT9364,MAPLEBEAR LITTLE LIGHTHOUSE PTE LTD,759218,https://www.maplebear.sg/sembawang,www.maplebear.sg,1,school_specific_candidate,not_verified,https://www.maplebear.sg/sembawang,
CENTRE:NT0575,MY FIRST SKOOL,822682,https://www.myfirstskool.com/edc02-lifesg,www.myfirstskool.com,1,school_specific_candidate,not_verified,https://www.myfirstskool.com/edc02-lifesg,
CENTRE:RC1884,BETHESDA CHAPEL KINDERGARTEN,416913,https://www.bck.sg/,www.bck.sg,1,school_specific_candidate,not_verified,https://www.bck.sg/,
CENTRE:ST0327,PCF Sparkletots Preschool @ Zhenghua Blk 455A (KN),671455,https://www.pcf.org.sg/sparkletots,www.pcf.org.sg,333,shared_operator_page_candidate,not_verified,https://www.pcf.org.sg/sparkletots,
CENTRE:ST0326,PCF Sparkletots Preschool @ Zhenghua Blk 620 (CC),670620,https://www.pcf.org.sg/sparkletots,www.pcf.org.sg,333,shared_operator_page_candidate,not_verified,https://www.pcf.org.sg/sparkletots,
CENTRE:ST0324,PCF Sparkletots Preschool @ Zhenghua Blk 528 (CC),670528,https://www.pcf.org.sg/sparkletots,www.pcf.org.sg,333,shared_operator_page_candidate,not_verified,https://www.pcf.org.sg/sparkletots,
CENTRE:ST0124,PCF SPARKLETOTS PRESCHOOL @ ZHENGHUA BLK 632A (CC),671632,https://www.pcf.org.sg/sparkletots,www.pcf.org.sg,333,shared_operator_page_candidate,not_verified,https://www.pcf.org.sg/sparkletots,
CENTRE:PT9245,LITTLE FOOTPRINTS PRESCHOOL PTE LTD,829498,https://www.littlefootprints.edu.sg/,www.littlefootprints.edu.sg,37,shared_operator_page_candidate,not_verified,https://www.littlefootprints.edu.sg/,
CENTRE:PT9886,CHICKY & OLIVE LEARNING CENTRE PTE LTD,556839,http://www.chickyolive.com/,www.chickyolive.com,2,shared_operator_page_candidate,not_verified,http://www.chickyolive.com/,
CENTRE:PT8529,STAR LEARNERS @ PASIR RIS PTE. LTD.,519282,https://starlearners.com.sg/our-centres/pasir-ris,starlearners.com.sg,1,school_specific_candidate,not_verified,https://starlearners.com.sg/our-centres/pasir-ris,
CENTRE:EB0017,E-BRIDGE PRE-SCHOOL PTE LTD,610140,https://info.e-bridge.edu.sg/registration-of-interest,info.e-bridge.edu.sg,23,shared_operator_page_candidate,not_verified,https://info.e-bridge.edu.sg/registration-of-interest,
CENTRE:RC1817,AL-ANSAR MOSQUE KINDERGARTEN,469751,https://alansarmosque.sg/,alansarmosque.sg,1,school_specific_candidate,not_verified,https://alansarmosque.sg/,
CENTRE:PT9094,NURTURESTARS CHILD CARE,649848,http://www.nurturestars.sg/,www.nurturestars.sg,2,shared_operator_page_candidate,not_verified,http://www.nurturestars.sg/,
CENTRE:PT9265,MY TALENT CHILDCARE CENTRE PTE. LTD.,610153,,,0,unavailable,unavailable,,
CENTRE:RC0090,Little Seeds Preschool,640511,https://www.littleseeds.edu.sg/,www.littleseeds.edu.sg,15,shared_operator_page_candidate,not_verified,https://www.littleseeds.edu.sg/,
CENTRE:NT0550,MY FIRST SKOOL,821209,https://www.myfirstskool.com/pc5-lifesg,www.myfirstskool.com,1,school_specific_candidate,not_verified,https://www.myfirstskool.com/pc5-lifesg,
CENTRE:RC1881,Nanyang Kindergarten,269460,https://nanyangkindergarten.com/,nanyangkindergarten.com,1,school_specific_candidate,not_verified,https://nanyangkindergarten.com/,
CENTRE:PT9113,LITTLE FOOTPRINTS PRESCHOOL ASIA PTE. LTD.,671546,https://littlefootprints.edu.sg/,littlefootprints.edu.sg,10,shared_operator_page_candidate,not_verified,https://littlefootprints.edu.sg/,
CENTRE:PT9285,THE ORANGE ACADEMY PTE. LTD.,168730,,,0,unavailable,unavailable,,
CENTRE:PT9942,Changemakers Academy Explorer,609607,https://www.changemakers.edu.sg/explorer,www.changemakers.edu.sg,1,school_specific_candidate,not_verified,https://www.changemakers.edu.sg/explorer,
CENTRE:PT9375,STAR LEARNERS @ HOUGANG CENTRAL PTE LTD,530434,https://starlearners.com.sg/our-centres/hougang-central,starlearners.com.sg,1,school_specific_candidate,not_verified,https://starlearners.com.sg/our-centres/hougang-central,
CENTRE:NT0596,MY FIRST SKOOL,340113,https://www.myfirstskool.com/akc01-lifesg,www.myfirstskool.com,1,school_specific_candidate,not_verified,https://www.myfirstskool.com/akc01-lifesg,
CENTRE:PT8650,Changemakers Academy Explorer,529653,https://www.changemakersacademy.com/explorer/our-preschools/tampines-junction,www.changemakersacademy.com,1,school_specific_candidate,not_verified,https://www.changemakersacademy.com/explorer/our-preschools/tampines-junction,
CENTRE:PT8917,STAR LEARNERS @ ANG MO KIO PTE. LTD.,560320,https://starlearners.com.sg/our-centres/ang-mo-kio,starlearners.com.sg,1,school_specific_candidate,not_verified,https://starlearners.com.sg/our-centres/ang-mo-kio,
CENTRE:PT9328,CREATIVELAND CHILDCARE AND DEVELOPMENT CENTRE@YEW TEE PTE LTD,680634,https://creativeland.com.sg/,creativeland.com.sg,1,school_specific_candidate,not_verified,https://creativeland.com.sg/,
CENTRE:EB0015,E-BRIDGE PRE-SCHOOL PTE LTD,730573,https://info.e-bridge.edu.sg/registration-of-interest,info.e-bridge.edu.sg,23,shared_operator_page_candidate,not_verified,https://info.e-bridge.edu.sg/registration-of-interest,
CENTRE:PT9902,Clover Preschool,689467,,,0,unavailable,unavailable,,
CENTRE:PT9713,Grace House @ Tanglin Pte Ltd,247960,https://www.gracehouse.com.sg/,www.gracehouse.com.sg,1,school_specific_candidate,not_verified,https://www.gracehouse.com.sg/,
CENTRE:RC1746,IYAD PERDAUS CHILD DEVELOPMENT,530565,https://www.iyadperdaus.sg/,www.iyadperdaus.sg,2,shared_operator_page_candidate,not_verified,https://www.iyadperdaus.sg/,
CENTRE:PT8767,STAR LEARNERS @ BISHAN CENTRAL PTE. LTD.,570510,https://starlearners.com.sg/our-centres/bishan-central,starlearners.com.sg,1,school_specific_candidate,not_verified,https://starlearners.com.sg/our-centres/bishan-central,
CENTRE:PT9306,MINDCHAMPS PRESCHOOL @ CHANGI AIRPORT,819663,https://www.mindchamps.org/location/changi-airport,www.mindchamps.org,1,school_specific_candidate,not_verified,https://www.mindchamps.org/location/changi-airport,
CENTRE:PT9493,MAPLEBEAR LEARNING LADDER PTE LTD,598754,https://www.maplebear.sg/highgate,www.maplebear.sg,1,school_specific_candidate,not_verified,https://www.maplebear.sg/highgate,
CENTRE:PT8653,MINDCHAMPS PRESCHOOL @ CITY SQUARE PTE. LTD,208539,https://www.mindchampspreschool.org/,www.mindchampspreschool.org,4,shared_operator_page_candidate,not_verified,https://www.mindchampspreschool.org/,
CENTRE:PT9815,Little Petals @ Symphony Pte Ltd,768008,https://www.littlepetals.sg/,www.littlepetals.sg,1,school_specific_candidate,not_verified,https://www.littlepetals.sg/,
CENTRE:PT9387,MINDCHAMPS CHINESE PRESCHOOL @ CECIL ST PTE LTD,69534,https://www.mindchamps.org/,www.mindchamps.org,4,shared_operator_page_candidate,not_verified,https://www.mindchamps.org/,
CENTRE:PT9937,Ace @ Work Childcare Pte Ltd (SKG),544692,https://www.aceatwork.com.sg/,www.aceatwork.com.sg,8,shared_operator_page_candidate,not_verified,https://www.aceatwork.com.sg/,
CENTRE:PT9287,Changemakers Academy Explorer,519599,,,0,unavailable,unavailable,,
CENTRE:PT9600,Cavenur Kindergarten Pte Ltd,520741,https://www.cavenur.edu.sg/,www.cavenur.edu.sg,1,school_specific_candidate,not_verified,https://www.cavenur.edu.sg/,
CENTRE:PT6360,MAPLE BEAR EDUCARE PTE LTD,118599,,,0,unavailable,unavailable,,
CENTRE:PT9919,Peterhouse Preschool,416923,,,0,unavailable,unavailable,,
CENTRE:PT8740,KINDERLAND PRESCHOOL,440087,,,0,unavailable,unavailable,,
CENTRE:PT9219,Lorna Whiston (Greenwich),805960,https://www.lornawhiston.com/,www.lornawhiston.com,5,shared_operator_page_candidate,not_verified,https://www.lornawhiston.com/,
CENTRE:PT9823,Nest Preschool Ubi,408564,https://nestpreschool.sg/,nestpreschool.sg,4,shared_operator_page_candidate,not_verified,https://nestpreschool.sg/,
CENTRE:PT8953,Brilliant Tots @ Kelulut Pte Ltd,809045,http://www.brillianttots.com.sg/,www.brillianttots.com.sg,1,school_specific_candidate,not_verified,http://www.brillianttots.com.sg/,
CENTRE:PT9901,RAIN TREE MONTESSORI SCHOOLHOUSE,506790,https://www.rtmschool.com/,www.rtmschool.com,2,shared_operator_page_candidate,not_verified,https://www.rtmschool.com/,
CENTRE:PT8984,CARPE DIEM SCHOOLHOUSE PTE. LTD.,590005,https://www.carpediem.com.sg/,www.carpediem.com.sg,15,shared_operator_page_candidate,not_verified,https://www.carpediem.com.sg/,
CENTRE:PT9128,LITTLE FOOTPRINTS PRESCHOOL ASIA PTE. LTD.,680427,https://littlefootprints.edu.sg/,littlefootprints.edu.sg,10,shared_operator_page_candidate,not_verified,https://littlefootprints.edu.sg/,
CENTRE:PT9060,Little Footprints Preschool Pte Ltd,540131,https://www.littlefootprints.edu.sg/,www.littlefootprints.edu.sg,37,shared_operator_page_candidate,not_verified,https://www.littlefootprints.edu.sg/,
CENTRE:PT9951,ARTEMIS PRESKOOL @ TAMPINES WEST,521957,https://artemispreskool.com/contact,artemispreskool.com,7,shared_operator_page_candidate,not_verified,https://artemispreskool.com/contact,
CENTRE:PT9536,MAPLE BEAR LEARNING PLACE PTE. LTD.,128020,https://www.maplebearwestcoast.org/,www.maplebearwestcoast.org,1,school_specific_candidate,not_verified,https://www.maplebearwestcoast.org/,
CENTRE:PT8818,ACE@WORK CHILDCARE PTE LTD,679675,https://www.aceatwork.com.sg/,www.aceatwork.com.sg,8,shared_operator_page_candidate,not_verified,https://www.aceatwork.com.sg/,
CENTRE:PT5550,Ace @ Work Childcare Pte Ltd (CCK 757),680757,https://www.aceatwork.com.sg/,www.aceatwork.com.sg,8,shared_operator_page_candidate,not_verified,https://www.aceatwork.com.sg/,
CENTRE:PT5210,ACE @ WORK CHILDCARE PTE LTD,680703,https://www.aceatwork.com.sg/,www.aceatwork.com.sg,8,shared_operator_page_candidate,not_verified,https://www.aceatwork.com.sg/,
CENTRE:SK0004,Skool4Kidz Preschool,761430,https://skool4kidz.com.sg/,skool4kidz.com.sg,28,shared_operator_page_candidate,not_verified,https://skool4kidz.com.sg/,
CENTRE:ST0307,PCF Sparkletots Preschool @ Pioneer Blk 642 (EY),640642,https://www.pcf.org.sg/sparkletots,www.pcf.org.sg,333,shared_operator_page_candidate,not_verified,https://www.pcf.org.sg/sparkletots,
CENTRE:PT8808,HOUSE ON THE HILL PTE LTD,228481,https://houseonthehill.com.sg/,houseonthehill.com.sg,1,school_specific_candidate,not_verified,https://houseonthehill.com.sg/,
CENTRE:RC1907,KIDZ MEADOW CHILDCARE & DEVELOPMENT CENTRE (PASIR RIS),519108,https://www.kidzmeadow.com/,www.kidzmeadow.com,4,shared_operator_page_candidate,not_verified,https://www.kidzmeadow.com/,
CENTRE:PT9350,Raffles Kidz @ Punggol,829646,http://www.raffleskidz.com/,www.raffleskidz.com,1,school_specific_candidate,not_verified,http://www.raffleskidz.com/ | https://www.raffleskidz.com/,
CENTRE:WP1112,THE LITTLE SKOOL-HOUSE INTERNATIONAL PTE. LTD.,738964,https://www.littleskoolhouse.com/,www.littleskoolhouse.com,15,shared_operator_page_candidate,not_verified,https://www.littleskoolhouse.com/ | https://www.littleskoolhouse.com/our-centres/at-republic-polytechnic,
CENTRE:WP0660,THE LITTLE SKOOL-HOUSE INTERNATIONAL PTE LTD,168582,https://www.littleskoolhouse.com/,www.littleskoolhouse.com,15,shared_operator_page_candidate,not_verified,https://www.littleskoolhouse.com/ | https://www.littleskoolhouse.com/our-centres/at-outram,
CENTRE:WP0736,THE LITTLE SKOOL-HOUSE INTERNATIONAL PTE LTD,49513,https://www.littleskoolhouse.com/,www.littleskoolhouse.com,15,shared_operator_page_candidate,not_verified,https://www.littleskoolhouse.com/ | https://www.littleskoolhouse.com/our-centres/at-ocbc-centre,
CENTRE:WP0739,THE LITTLE SKOOL-HOUSE INTERNATIONAL PTE LTD,298136,https://www.littleskoolhouse.com/,www.littleskoolhouse.com,15,shared_operator_page_candidate,not_verified,https://www.littleskoolhouse.com/ | https://www.littleskoolhouse.com/our-centres/at-thomson,
CENTRE:WP1110,THE LITTLE SKOOL-HOUSE INTERNATIONAL PTE LTD,129798,https://www.littleskoolhouse.com/,www.littleskoolhouse.com,15,shared_operator_page_candidate,not_verified,https://www.littleskoolhouse.com/ | https://www.littleskoolhouse.com/our-centres/at-kent-vale,
CENTRE:PT9772,The Little Skool-House International Pte Ltd,599489,https://www.littleskoolhouse.com/,www.littleskoolhouse.com,15,shared_operator_page_candidate,not_verified,https://www.littleskoolhouse.com/ | https://www.littleskoolhouse.com/our-centres/at-ngee-ann-polytechnic,
CENTRE:PT9512,THE LITTLE SKOOL-HOUSE INTERNATIONAL PTE LTD,138675,https://www.littleskoolhouse.com/,www.littleskoolhouse.com,15,shared_operator_page_candidate,not_verified,https://www.littleskoolhouse.com/ | https://www.littleskoolhouse.com/our-centres/at-ministry-of-education,
CENTRE:PT9729,The Little Skool-House International Pte Ltd,229835,https://www.littleskoolhouse.com/,www.littleskoolhouse.com,15,shared_operator_page_candidate,not_verified,https://www.littleskoolhouse.com/ | https://www.littleskoolhouse.com/our-centres/at-kk-hospital,
CENTRE:PT8716,THE LITTLE SKOOL-HOUSE INTERNATIONAL PTE LTD,159964,https://www.littleskoolhouse.com/,www.littleskoolhouse.com,15,shared_operator_page_candidate,not_verified,https://www.littleskoolhouse.com/ | https://www.littleskoolhouse.com/our-centres/at-alexandra,
CENTRE:PT8508,THE LITTLE SKOOL-HOUSE INTERNATIONAL PTE LTD,279621,https://www.littleskoolhouse.com/,www.littleskoolhouse.com,15,shared_operator_page_candidate,not_verified,https://www.littleskoolhouse.com/ | https://www.littleskoolhouse.com/our-centres/by-the-vista-ulu-pandan-cc,
CENTRE:PT8001,THE LITTLE SKOOL-HOUSE INTERNATIONAL PTE LTD,769162,https://www.littleskoolhouse.com/,www.littleskoolhouse.com,15,shared_operator_page_candidate,not_verified,https://www.littleskoolhouse.com/ | https://www.littleskoolhouse.com/our-centres/on-the-green-orchid-country-club,
CENTRE:WP1102,THE LITTLE SKOOL-HOUSE INTERNATIONAL PTE LTD,768024,https://www.littleskoolhouse.com/,www.littleskoolhouse.com,15,shared_operator_page_candidate,not_verified,https://www.littleskoolhouse.com/ | https://www.littleskoolhouse.com/our-centres/by-the-lake,
CENTRE:PT9930,MAPLEBEAR MOUNTBATTEN,390087,,,0,unavailable,unavailable,,
CENTRE:PT9918,LEARNINGWELL PRESCHOOL @ TWIN VEW,126756,https://learningwell-edu.com/,learningwell-edu.com,2,shared_operator_page_candidate,not_verified,https://learningwell-edu.com/,
CENTRE:PT9367,GLOBAL TOTS @ MOUNTBATTEN PTE LTD,439291,https://www.sdmglobaltots.sg/,www.sdmglobaltots.sg,2,shared_operator_page_candidate,not_verified,https://www.sdmglobaltots.sg/,
CENTRE:PT8512,Star Learners @ Woodlands 888 Pte Ltd,730888,https://starlearners.com.sg/our-centres/woodlands-888,starlearners.com.sg,1,school_specific_candidate,not_verified,https://starlearners.com.sg/our-centres/woodlands-888,
CENTRE:PT9087,STAR LEARNERS PTE LTD,426165,https://starlearners.com.sg/our-centres/telok-kurau,starlearners.com.sg,1,school_specific_candidate,not_verified,https://starlearners.com.sg/our-centres/telok-kurau,
CENTRE:PT9099,STAR LEARNERS @ NORTH EAST PTE. LTD.,544964,https://starlearners.com.sg/our-centres/sengkang-sports-centre,starlearners.com.sg,1,school_specific_candidate,not_verified,https://starlearners.com.sg/our-centres/sengkang-sports-centre,
CENTRE:PT8993,Star Learners @ Elias Pte Ltd,519132,https://starlearners.com.sg/our-centres/elias,starlearners.com.sg,1,school_specific_candidate,not_verified,https://starlearners.com.sg/our-centres/elias,
CENTRE:PT9318,STAR LEARNERS @ CHANGI SIMEI PTE. LTD.,520114,https://starlearners.com.sg/our-centres/changi-simei,starlearners.com.sg,1,school_specific_candidate,not_verified,https://starlearners.com.sg/our-centres/changi-simei,
CENTRE:PT9140,STAR LEARNERS @ BOON KENG PTE. LTD.,330005,https://starlearners.com.sg/our-centres/boon-keng,starlearners.com.sg,1,school_specific_candidate,not_verified,https://starlearners.com.sg/our-centres/boon-keng,
CENTRE:PT8957,Brighton Montessori Mountbatten,437764,http://www.brightonmontessori.com.sg/,www.brightonmontessori.com.sg,2,shared_operator_page_candidate,not_verified,http://www.brightonmontessori.com.sg/,
CENTRE:PT6690,SHEFFIELD KIDSWORLD (CCK) PTE. LTD.,680433,https://www.sheffieldkidsworld.com/,www.sheffieldkidsworld.com,2,shared_operator_page_candidate,not_verified,https://www.sheffieldkidsworld.com/,
CENTRE:PT9322,STAR LEARNERS @ JURONG WEST PTE LTD,640862,https://starlearners.com.sg/our-centres/jurong-west,starlearners.com.sg,1,school_specific_candidate,not_verified,https://starlearners.com.sg/our-centres/jurong-west,
CENTRE:PT7190,HAPPY TOWN CHILDCARE PTE LTD,387311,https://www.sunflowerkid.com/,www.sunflowerkid.com,26,shared_operator_page_candidate,not_verified,https://www.sunflowerkid.com/,
CENTRE:PT8160,MapleBear Little Schoolhouse Pte Ltd,588177,https://maplebear.sg/,maplebear.sg,3,shared_operator_page_candidate,not_verified,https://maplebear.sg/,
CENTRE:PT9053,Joyful Tots @ Bendemeer Pte Ltd,339940,https://www.joyfultots.com.sg/,www.joyfultots.com.sg,1,school_specific_candidate,not_verified,https://www.joyfultots.com.sg/,
CENTRE:PT9819,Little Sprouts Montessori,548008,,,0,unavailable,unavailable,,
CENTRE:PT9740,MULBERRY LEARNING CENTRE@FUSIONOPOLIS PTE. LTD.,138628,https://mulberrylearning.com/,mulberrylearning.com,3,shared_operator_page_candidate,not_verified,https://mulberrylearning.com/,
CENTRE:PT9261,SUNFLOWER KIDDY STAR PRESCHOOL PTE LTD,520896,https://www.sunflowerkid.com/,www.sunflowerkid.com,26,shared_operator_page_candidate,not_verified,https://www.sunflowerkid.com/,
CENTRE:PT9949,Impressions Montessori Kindergarten,259760,,,0,unavailable,unavailable,,
CENTRE:PT9948,SUPERLAND PRE-SCHOOL (DUNEARN) PTE. LTD.,589472,https://www.superland.com.sg/,www.superland.com.sg,16,shared_operator_page_candidate,not_verified,https://www.superland.com.sg/,
CENTRE:PT9947,"Hei School, Bishan",579882,https://heischools.sg/,heischools.sg,1,school_specific_candidate,not_verified,https://heischools.sg/,
CENTRE:PT9867,Sunflower Preschool@Siglap Pte Ltd,419037,,,0,unavailable,unavailable,,
CENTRE:PT9652,Astor International Preschool,278886,,,0,unavailable,unavailable,,
CENTRE:PT8663,SUNFLOWER TINKLELAND PRIVATE LIMITED,408868,,,0,unavailable,unavailable,,
CENTRE:PT9127,SMALL WONDER PRESCHOOL SERANGOON NORTH,554910,,,0,unavailable,unavailable,,
CENTRE:PT8730,MINDCHAMPS PRESCHOOL @ PARAGON PTE. LIMITED,238859,,,0,unavailable,unavailable,,
CENTRE:PT9244,LITTLE FOOTPRINTS PRESCHOOL,730316,https://www.littlefootprints.edu.sg/,www.littlefootprints.edu.sg,37,shared_operator_page_candidate,not_verified,https://www.littlefootprints.edu.sg/,
CENTRE:PT9003,DA LITTLE PRESCHOOL (TAMARIND) PTE. LTD.,806011,https://www.dalittlepreschool.com/,www.dalittlepreschool.com,1,school_specific_candidate,not_verified,https://www.dalittlepreschool.com/ | https://www.dalittlepreschool.com.sg/,
CENTRE:ST0382,PCF Sparkletots Preschool @ Radin Mas (CC),159563,https://www.pcf.org.sg/sparkletots,www.pcf.org.sg,333,shared_operator_page_candidate,not_verified,https://www.pcf.org.sg/sparkletots,
CENTRE:ST0315,PCF Sparkletots Preschool @ Bukit Batok Blk 180 (CC),650180,https://www.pcf.org.sg/sparkletots,www.pcf.org.sg,333,shared_operator_page_candidate,not_verified,https://www.pcf.org.sg/sparkletots,
CENTRE:PT8999,Greenland Childcare Centre,339631,https://www.greenlandchildcare.com/contact,www.greenlandchildcare.com,5,shared_operator_page_candidate,not_verified,https://www.greenlandchildcare.com/contact,
CENTRE:NT0603,My First Skool,680161,https://www.myfirstskool.com/cck07-lifesg,www.myfirstskool.com,1,school_specific_candidate,not_verified,https://www.myfirstskool.com/cck07-lifesg,
CENTRE:PT5540,Sunflower Preschool @ PR Town Park Pte Ltd,510553,https://www.sunflowerkid.com/,www.sunflowerkid.com,26,shared_operator_page_candidate,not_verified,https://www.sunflowerkid.com/,
CENTRE:ST0303,PCF Sparkletots Preschool @ Boon Lay Blk 262 (DS),640262,https://www.pcf.org.sg/sparkletots,www.pcf.org.sg,333,shared_operator_page_candidate,not_verified,https://www.pcf.org.sg/sparkletots,
CENTRE:PT9796,Living Sanctuary Childcare,538728,https://www.lsbc.org.sg/lsc,www.lsbc.org.sg,1,school_specific_candidate,not_verified,https://www.lsbc.org.sg/lsc,
CENTRE:PT9445,Kensington Preschool @ Macpherson,349318,https://kensington.edu.sg/,kensington.edu.sg,1,school_specific_candidate,not_verified,https://kensington.edu.sg/,
CENTRE:SK0032,Skool4Kidz Preschool,650432,https://skool4kidz.com.sg/,skool4kidz.com.sg,28,shared_operator_page_candidate,not_verified,https://skool4kidz.com.sg/,
CENTRE:RC1801,Al-Mukminin Mosque Kindergarten,609603,https://almukminin.sg/,almukminin.sg,1,school_specific_candidate,not_verified,https://almukminin.sg/,
CENTRE:NT0567,MY FIRST SKOOL,648135,https://www.myfirstskool.com/jwc10-lifesg,www.myfirstskool.com,1,school_specific_candidate,not_verified,https://www.myfirstskool.com/jwc10-lifesg,
CENTRE:RC1781,GLOBAL CHILD DEVELOPMENT CENTRE @ TAMPINES,521870,,,0,unavailable,unavailable,,
CENTRE:ST0229,PCF Sparkletots Preschool @ Whampoa Blk 106 (DS),322106,https://www.pcf.org.sg/sparkletots,www.pcf.org.sg,333,shared_operator_page_candidate,not_verified,https://www.pcf.org.sg/sparkletots,
CENTRE:PT9803,MAPLEBEAR REDHILL,159460,https://www.maplebear.sg/,www.maplebear.sg,8,shared_operator_page_candidate,not_verified,https://www.maplebear.sg/,
CENTRE:PT9000,Small Wonder Preschool Ang Mo Kio,569139,https://www.smallwonderpreschool.com/,www.smallwonderpreschool.com,5,shared_operator_page_candidate,not_verified,https://www.smallwonderpreschool.com/,
CENTRE:PT9271,Little Footprints Preschool Group Pte Ltd,520460,https://www.littlefooprints.edu.sg/,www.littlefooprints.edu.sg,1,school_specific_candidate,not_verified,https://www.littlefooprints.edu.sg/,
CENTRE:PT9203,NOBLELAND ARTS N LEARNING PLACE @CLEMENTI PTE. LTD.,123311,https://www.nobleland.sg/,www.nobleland.sg,5,shared_operator_page_candidate,not_verified,https://www.nobleland.sg/,
CENTRE:PT9833,House on the Hill Montessori Pre-School,299814,https://www.houseonthehill.com.sg/,www.houseonthehill.com.sg,1,school_specific_candidate,not_verified,https://www.houseonthehill.com.sg/,
CENTRE:PT9165,Lorna Whiston (Canberra),768090,https://www.lornawhiston.com/,www.lornawhiston.com,5,shared_operator_page_candidate,not_verified,https://www.lornawhiston.com/,
CENTRE:PT9472,THE ORANGE ACADEMY (TAMPINES) PTE LTD,529509,https://orangeacademy.com.sg/,orangeacademy.com.sg,2,shared_operator_page_candidate,not_verified,https://orangeacademy.com.sg/,
CENTRE:RC1751,KIDZ MEADOW CHILDCARE & DEVELOPMENT CENTRE (BUANGKOK RIDGE),533986,,,0,unavailable,unavailable,,
CENTRE:ST0402,PCF Sparkletots Preschool @ Tengah Blk 236B (CC),692236,https://www.pcf.org.sg/sparkletots,www.pcf.org.sg,333,shared_operator_page_candidate,not_verified,https://www.pcf.org.sg/sparkletots,
CENTRE:RC0680,KIDZ MEADOW CHILDCARE & DEVELOPMENT CENTRE (EUNOS),400017,,,0,unavailable,unavailable,,
CENTRE:PT9644,Small Wonder Preschool Sengkang,797637,https://theschoolhouse.com.sg/,theschoolhouse.com.sg,4,shared_operator_page_candidate,not_verified,https://theschoolhouse.com.sg/,
CENTRE:PT8666,THE ORANGE TREE (CCK) PTE. LTD.,689379,https://www.orangetree.com.sg/,www.orangetree.com.sg,1,school_specific_candidate,not_verified,https://www.orangetree.com.sg/,
CENTRE:KM0012,MOE KINDERGARTEN @ NORTHOAKS,757622,,,0,unavailable,unavailable,,
CENTRE:PT9521,LITTLE PADDINGTON PRESCHOOL EC PTE LTD,457184,,,0,unavailable,unavailable,,
CENTRE:PT7470,Appleland Montessori Child Care Centre Pte Ltd,650165,,,0,unavailable,unavailable,,
CENTRE:PT5890,Sunflower Preschool @ Simei Pte Ltd,520165,https://www.sunflowerkid.com/,www.sunflowerkid.com,26,shared_operator_page_candidate,not_verified,https://www.sunflowerkid.com/,
CENTRE:NT0601,MY FIRST SKOOL,519419,https://www.myfirstskool.com/prs06-lifesg,www.myfirstskool.com,1,school_specific_candidate,not_verified,https://www.myfirstskool.com/prs06-lifesg,
CENTRE:PT0920,LEARNINGHILL EDUCARE PTE LTD,456903,https://kinderland.com.sg/kinderland-siglap,kinderland.com.sg,1,school_specific_candidate,not_verified,https://kinderland.com.sg/kinderland-siglap,
CENTRE:SK0027,Skool4Kidz Preschool,822423,https://skool4kidz.com.sg/,skool4kidz.com.sg,28,shared_operator_page_candidate,not_verified,https://skool4kidz.com.sg/,
CENTRE:PT8685,Little Footprints Preschool Pte Ltd,760388,https://www.littlefootprints.edu.sg/,www.littlefootprints.edu.sg,37,shared_operator_page_candidate,not_verified,https://www.littlefootprints.edu.sg/,
CENTRE:PT9260,LITTLE FOOTPRINTS PRESCHOOL PTE. LTD.,128531,https://www.littlefootprints.edu.sg/,www.littlefootprints.edu.sg,37,shared_operator_page_candidate,not_verified,https://www.littlefootprints.edu.sg/,
CENTRE:PT8852,ARTS JUNIOR MONTESSORI LLP,159640,https://www.artsjuniormontessori.com/,www.artsjuniormontessori.com,1,school_specific_candidate,not_verified,https://www.artsjuniormontessori.com/,
CENTRE:PT9706,Small Wonder Preschool Lakeside,648131,,,0,unavailable,unavailable,,
CENTRE:PT9438,Small Wonder Preschool Bishan (Marymount),577177,,,0,unavailable,unavailable,,
CENTRE:PT8754,Character Montessori Jurong,609966,https://www.cmj.sg/,www.cmj.sg,1,school_specific_candidate,not_verified,https://www.cmj.sg/,
CENTRE:PT9181,Small Wonder Preschool Changi (SUTD),485996,,,0,unavailable,unavailable,,
CENTRE:PT4520,TOTS TOWN PRESCHOOL @ SEMBAWANG,750480,https://www.totstown.sg/,www.totstown.sg,1,school_specific_candidate,not_verified,https://www.totstown.sg/,
CENTRE:RC1832,TPBC KINDERGARTEN,536698,,,0,unavailable,unavailable,,
CENTRE:RC1762,GLOBAL MINDZ (EDEN) PRESCHOOL LIMITED,540252,http://www.globalmindzeden.com/,www.globalmindzeden.com,1,school_specific_candidate,not_verified,http://www.globalmindzeden.com/,
CENTRE:PT9098,LITTLE FOOTPRINTS PRESCHOOL PTE. LTD.,575624,https://www.littlefootprints.edu.sg/,www.littlefootprints.edu.sg,37,shared_operator_page_candidate,not_verified,https://www.littlefootprints.edu.sg/,
CENTRE:PT9678,LITTLE OAKS MONTESSORI PLAYGROUP PTE LTD,259226,https://www.littleoaks.com.sg/,www.littleoaks.com.sg,1,school_specific_candidate,not_verified,https://www.littleoaks.com.sg/,
CENTRE:PT9897,KIDDIWINKIE SCHOOLHOUSE @ MOUNTBATTEN,437735,,,0,unavailable,unavailable,,
CENTRE:RC0920,KIDZ MEADOW CHILDCARE & DEVELOPMENT CENTRE (YISHUN),760173,https://www.kidzmeadow.com/,www.kidzmeadow.com,4,shared_operator_page_candidate,not_verified,https://www.kidzmeadow.com/,
CENTRE:ST0027,PCF Sparkletots Preschool @ Tampines East Blk 205 (CC),520205,https://www.pcf.org.sg/sparkletots,www.pcf.org.sg,333,shared_operator_page_candidate,not_verified,https://www.pcf.org.sg/sparkletots,
CENTRE:PT8414,LITTLE FOOTPRINTS SCHOOLHOUSE (YISHUN) PTE. LTD.,761701,https://www.littlefootprints.edu.sg/,www.littlefootprints.edu.sg,37,shared_operator_page_candidate,not_verified,https://www.littlefootprints.edu.sg/,
CENTRE:PT8703,LITTLE FOOTPRINTS PRESCHOOL PTE. LTD.,757438,https://www.littlefootprints.edu.sg/,www.littlefootprints.edu.sg,37,shared_operator_page_candidate,not_verified,https://www.littlefootprints.edu.sg/,
CENTRE:PT9011,Little Footprints Preschool Pte Ltd,824168,https://littlefootprints.edu.sg/,littlefootprints.edu.sg,10,shared_operator_page_candidate,not_verified,https://littlefootprints.edu.sg/,
CENTRE:PT9276,LITTLE FOOTPRINTS PRESCHOOL PTE LTD,787149,https://www.littlefootprints.edu.sg/,www.littlefootprints.edu.sg,37,shared_operator_page_candidate,not_verified,https://www.littlefootprints.edu.sg/,
CENTRE:ST0264,PCF Sparkletots Preschool @ Tampines North Blk 483 (KN),520483,https://www.pcf.org.sg/sparkletots,www.pcf.org.sg,333,shared_operator_page_candidate,not_verified,https://www.pcf.org.sg/sparkletots,
CENTRE:ST0273,PCF Sparkletots Preschool @ Ang Mo Kio-Hougang Blk 535 (DS),530535,https://www.pcf.org.sg/sparkletots,www.pcf.org.sg,333,shared_operator_page_candidate,not_verified,https://www.pcf.org.sg/sparkletots,
CENTRE:ST0223,PCF Sparkletots Preschool @ Toa Payoh East Blk 45 (DS),310045,https://www.pcf.org.sg/sparkletots,www.pcf.org.sg,333,shared_operator_page_candidate,not_verified,https://www.pcf.org.sg/sparkletots,
CENTRE:ST0161,PCF Sparkletots Preschool @ Toa Payoh East Blk 247 (CC),310247,https://www.pcf.org.sg/sparkletots,www.pcf.org.sg,333,shared_operator_page_candidate,not_verified,https://www.pcf.org.sg/sparkletots,
CENTRE:ST0077,PCF Sparkletots Preschool @ Toa Payoh East Blk 232 (CC),310232,https://www.pcf.org.sg/sparkletots,www.pcf.org.sg,333,shared_operator_page_candidate,not_verified,https://www.pcf.org.sg/sparkletots,
CENTRE:RC1776,AWWA LTD.,159053,https://www.kindlegarden.com.sg/,www.kindlegarden.com.sg,1,school_specific_candidate,not_verified,https://www.kindlegarden.com.sg/,
CENTRE:ST0103,PCF SPARKLETOTS PRESCHOOL @ BOON LAY BLK 627 (CC),640627,https://www.pcf.org.sg/sparkletots,www.pcf.org.sg,333,shared_operator_page_candidate,not_verified,https://www.pcf.org.sg/sparkletots,
CENTRE:ST0302,PCF Sparkletots Preschool @ Boon Lay Blk 207 (DS),640207,https://www.pcf.org.sg/sparkletots,www.pcf.org.sg,333,shared_operator_page_candidate,not_verified,https://www.pcf.org.sg/sparkletots,
CENTRE:RC1430,GLORY JOY CHILD DEVELOPMENT CENTRE,752501,,,0,unavailable,unavailable,,
CENTRE:ST0002,PCF SPARKLETOTS PRESCHOOL @ KEBUN BARU BLK 109 (CC),560109,https://www.pcf.org.sg/sparkletots,www.pcf.org.sg,333,shared_operator_page_candidate,not_verified,https://www.pcf.org.sg/sparkletots,
CENTRE:PT9278,KIDDIWINKIE SCHOOLHOUSE@GRANDSTAND PTE LTD,809741,https://www.kiddiwinkie.edu.sg/,www.kiddiwinkie.edu.sg,7,shared_operator_page_candidate,not_verified,https://www.kiddiwinkie.edu.sg/,
CENTRE:PT9007,Kiddiwinkie Schoolhouse Singapore Pte Ltd,574244,https://www.kiddiwinkie.edu.sg/,www.kiddiwinkie.edu.sg,7,shared_operator_page_candidate,not_verified,https://www.kiddiwinkie.edu.sg/,
CENTRE:PT9542,Kiddiwinkie Schoolhouse Pte Ltd,228218,https://www.kiddiwinkie.com.sg/,www.kiddiwinkie.com.sg,1,school_specific_candidate,not_verified,https://www.kiddiwinkie.com.sg/,
CENTRE:PT5280,KIDDIWINKIE SCHOOLHOUSE PTE LTD,229492,https://www.kiddiwinkie.edu.sg/,www.kiddiwinkie.edu.sg,7,shared_operator_page_candidate,not_verified,https://www.kiddiwinkie.edu.sg/,
CENTRE:ST0225,PCF Sparkletots Preschool @ Toa Payoh Central Blk 157 (DS),310157,https://www.pcf.org.sg/sparkletots,www.pcf.org.sg,333,shared_operator_page_candidate,not_verified,https://www.pcf.org.sg/sparkletots,
CENTRE:ST0372,PCF Sparkletots Preschool @ Toa Payoh West-Thomson Blk 131 (DS),310131,https://www.pcf.org.sg/sparkletots,www.pcf.org.sg,333,shared_operator_page_candidate,not_verified,https://www.pcf.org.sg/sparkletots,
CENTRE:ST0226,PCF Sparkletots Preschool @ Toa Payoh West-Thomson Blk 205 (DS),310205,https://www.pcf.org.sg/sparkletots,www.pcf.org.sg,333,shared_operator_page_candidate,not_verified,https://www.pcf.org.sg/sparkletots,
CENTRE:ST0064,PCF SPARKLETOTS PRESCHOOL @ TOA PAYOH CENTRAL BLK 146A (CC),311146,https://www.pcf.org.sg/sparkletots,www.pcf.org.sg,333,shared_operator_page_candidate,not_verified,https://www.pcf.org.sg/sparkletots,
CENTRE:ST0177,PCF Sparkletots Preschool @ Kebun Baru Blk 260B (CC),562260,https://www.pcf.org.sg/sparkletots,www.pcf.org.sg,333,shared_operator_page_candidate,not_verified,https://www.pcf.org.sg/sparkletots,
CENTRE:PT9158,Little Footprints Preschool Pte Ltd,541275,https://www.littlefootprints.edu.sg/,www.littlefootprints.edu.sg,37,shared_operator_page_candidate,not_verified,https://www.littlefootprints.edu.sg/,
CENTRE:PT9304,LITTLE FOOTPRINTS PRESCHOOL PTE LTD,541205,https://www.littlefootprints.edu.sg/,www.littlefootprints.edu.sg,37,shared_operator_page_candidate,not_verified,https://www.littlefootprints.edu.sg/,
CENTRE:PT8696,Little Footprints Preschool Pte Ltd,109840,https://www.littlefootprints.edu.sg/,www.littlefootprints.edu.sg,37,shared_operator_page_candidate,not_verified,https://www.littlefootprints.edu.sg/,
CENTRE:PT9131,LITTLE FOOTPRINTS PRESCHOOL ASIA PTE. LTD.,790439,https://littlefootprints.edu.sg/,littlefootprints.edu.sg,10,shared_operator_page_candidate,not_verified,https://littlefootprints.edu.sg/,
CENTRE:PT8709,GENIUS HIVE PRE-SCHOOL PTE. LTD.,69534,https://www.geniushivepreschool.com/,www.geniushivepreschool.com,1,school_specific_candidate,not_verified,https://www.geniushivepreschool.com/,
CENTRE:PT9598,Dreamkids Kindergarten @ East Gate Pte Ltd,425080,https://www.dreamkids.com.sg/,www.dreamkids.com.sg,1,school_specific_candidate,not_verified,https://www.dreamkids.com.sg/,
CENTRE:PT6020,JUNIOR PLAYWORLD CHILD CARE & DEVELOPMENT CENTRE,537822,,,0,unavailable,unavailable,,
CENTRE:ST0059,PCF SPARKLETOTS PRESCHOOL @ KEAT HONG BLK 353 (CC),680353,https://www.pcf.org.sg/sparkletots,www.pcf.org.sg,333,shared_operator_page_candidate,not_verified,https://www.pcf.org.sg/sparkletots,
CENTRE:PT9427,SUNSHINE HEARTS PTE. LTD.,757089,https://www.smilingstar.com.sg/,www.smilingstar.com.sg,1,school_specific_candidate,not_verified,https://www.smilingstar.com.sg/,
CENTRE:KM0039,MOE KINDERGARTEN @ JUNYUAN,528906,https://junyuanpri.moe.edu.sg/home,junyuanpri.moe.edu.sg,1,school_specific_candidate,not_verified,https://junyuanpri.moe.edu.sg/home,
CENTRE:PT9239,SMI BERRIIS PRESCHOOL PTE. LTD.,680620,,,0,unavailable,unavailable,,
CENTRE:ST0134,PCF SPARKLETOTS PRESCHOOL @ EUNOS BLK 629 (CC),470629,https://www.pcf.org.sg/sparkletots,www.pcf.org.sg,333,shared_operator_page_candidate,not_verified,https://www.pcf.org.sg/sparkletots,
CENTRE:PT9236,ETONHOUSE PRE-SCHOOL PTE LTD,307966,,,0,unavailable,unavailable,,
CENTRE:PT8476,PRE-SCHOOL BY-THE-PARK PTE. LTD.,288453,https://www.bythepark.com.sg/,www.bythepark.com.sg,1,school_specific_candidate,not_verified,https://www.bythepark.com.sg/,
CENTRE:PT9508,SMART BERRIIS @ WEST COAST PTE LTD,128524,https://www.smartberriis.com.sg/,www.smartberriis.com.sg,1,school_specific_candidate,not_verified,https://www.smartberriis.com.sg/,
CENTRE:ST0336,PCF Sparkletots Preschool @ Woodgrove Blk 364 (KN),730364,https://www.pcf.org.sg/sparkletots,www.pcf.org.sg,333,shared_operator_page_candidate,not_verified,https://www.pcf.org.sg/sparkletots,
CENTRE:ST0393,PCF Sparkletots Preschool @ Bedok Blk 152B (EY),462152,https://www.pcf.org.sg/sparkletots,www.pcf.org.sg,333,shared_operator_page_candidate,not_verified,https://www.pcf.org.sg/sparkletots,
CENTRE:PT8609,MINDCHAMPS PRESCHOOL @ TAMPINES CENTRAL 6 PTE. LTD.,529483,https://www.mindchampspreschool.org/,www.mindchampspreschool.org,4,shared_operator_page_candidate,not_verified,https://www.mindchampspreschool.org/,
CENTRE:PT9206,Little Paddington Preschool Balmoral Private Limited,259708,https://www.littlepaddington.com/,www.littlepaddington.com,4,shared_operator_page_candidate,not_verified,https://www.littlepaddington.com/,
CENTRE:PT9147,STAR LEARNERS RESPECT PTE. LTD.,573953,https://starlearners.com.sg/our-centres/thomson,starlearners.com.sg,1,school_specific_candidate,not_verified,https://starlearners.com.sg/our-centres/thomson,
CENTRE:PT8718,MASTERMINDS MONTESSORI SENGKANG PTE. LTD.,548674,https://www.masterminds.com.sg/,www.masterminds.com.sg,2,shared_operator_page_candidate,not_verified,https://www.masterminds.com.sg/,
CENTRE:ST0411,PCF Sparkletots Preschool @ Potong Pasir Blk 119B (EY),342119,https://www.pcf.org.sg/sparkletots,www.pcf.org.sg,333,shared_operator_page_candidate,not_verified,https://www.pcf.org.sg/sparkletots,
CENTRE:PT9457,LITTLE PADDINGTON PRESCHOOL TANGLIN PARK PTE LTD,247974,,,0,unavailable,unavailable,,
CENTRE:PT9380,Kinderland Preschool @ Loyang Point,510258,https://kinderland.com.sg/kinderland-loyang-point,kinderland.com.sg,1,school_specific_candidate,not_verified,https://kinderland.com.sg/kinderland-loyang-point,
CENTRE:PT6540,Kinderland Preschool @ Upper Changi,488362,https://www.kinderland.com.sg/,www.kinderland.com.sg,7,shared_operator_page_candidate,not_verified,https://www.kinderland.com.sg/,
CENTRE:PT8375,MLC (BEDOK RESERVOIR) PTE. LTD.,470718,https://mylittlecampus.com.sg/,mylittlecampus.com.sg,2,shared_operator_page_candidate,not_verified,https://mylittlecampus.com.sg/,
CENTRE:ST0332,PCF Sparkletots Preschool @ Yew Tee Blk 682 (KN),680682,https://www.pcf.org.sg/sparkletots,www.pcf.org.sg,333,shared_operator_page_candidate,not_verified,https://www.pcf.org.sg/sparkletots,
CENTRE:ST0410,PCF Sparkletots Preschool @ Canberra Blk 373 (CC),750373,https://www.pcf.org.sg/sparkletots,www.pcf.org.sg,333,shared_operator_page_candidate,not_verified,https://www.pcf.org.sg/sparkletots,
CENTRE:NT0584,MY FIRST SKOOL,408528,https://www.myfirstskool.com/wgs01-lifesg,www.myfirstskool.com,1,school_specific_candidate,not_verified,https://www.myfirstskool.com/wgs01-lifesg,
CENTRE:NT0616,My First Skool,691322,https://www.myfirstskool.com/,www.myfirstskool.com,7,shared_operator_page_candidate,not_verified,https://www.myfirstskool.com/,
CENTRE:NT0581,MY FIRST SKOOL,821659,https://www.myfirstskool.com/pcc08-lifesg,www.myfirstskool.com,1,school_specific_candidate,not_verified,https://www.myfirstskool.com/pcc08-lifesg,
CENTRE:NT0611,MY FIRST SKOOL,693119,https://www.myfirstskool.com/,www.myfirstskool.com,7,shared_operator_page_candidate,not_verified,https://www.myfirstskool.com/,
CENTRE:NT0580,MY FIRST SKOOL,828803,https://www.myfirstskool.com/pcc07-lifesg,www.myfirstskool.com,1,school_specific_candidate,not_verified,https://www.myfirstskool.com/pcc07-lifesg,
CENTRE:NT0610,MY FIRST SKOOL,522640,https://www.myfirstskool.com/tmc06-lifesg,www.myfirstskool.com,1,school_specific_candidate,not_verified,https://www.myfirstskool.com/tmc06-lifesg,
CENTRE:NT0608,MY FIRST SKOOL,730187,https://www.myfirstskool.com/wdc09-lifesg,www.myfirstskool.com,1,school_specific_candidate,not_verified,https://www.myfirstskool.com/wdc09-lifesg,
CENTRE:NT0577,MY FIRST SKOOL,677725,https://www.myfirstskool.com/sgc02-lifesg,www.myfirstskool.com,1,school_specific_candidate,not_verified,https://www.myfirstskool.com/sgc02-lifesg,
CENTRE:NT0576,MY FIRST SKOOL,643698,https://www.myfirstskool.com/jwc11-lifesg,www.myfirstskool.com,1,school_specific_candidate,not_verified,https://www.myfirstskool.com/jwc11-lifesg,
CENTRE:NT0606,MY FIRST SKOOL,760383,https://www.myfirstskool.com/ycc07-lifesg,www.myfirstskool.com,1,school_specific_candidate,not_verified,https://www.myfirstskool.com/ycc07-lifesg,
CENTRE:NT0605,My First Skool,760464,https://www.myfirstskool.com/ycc06-lifesg,www.myfirstskool.com,1,school_specific_candidate,not_verified,https://www.myfirstskool.com/ycc06-lifesg,
CENTRE:NT0546,MY FIRST SKOOL,550264,https://www.myfirstskool.com/sn4-lifesg,www.myfirstskool.com,1,school_specific_candidate,not_verified,https://www.myfirstskool.com/sn4-lifesg,
CENTRE:NT0573,MY FIRST SKOOL,530706,https://www.myfirstskool.com/hcc05-lifesg,www.myfirstskool.com,1,school_specific_candidate,not_verified,https://www.myfirstskool.com/hcc05-lifesg,
CENTRE:NT0545,MY FIRST SKOOL,608532,https://www.myfirstskool.com/wgc-lifesg,www.myfirstskool.com,1,school_specific_candidate,not_verified,https://www.myfirstskool.com/wgc-lifesg,
CENTRE:NT0572,MY FIRST SKOOL,762509,https://www.myfirstskool.com/ycc05-lifesg,www.myfirstskool.com,1,school_specific_candidate,not_verified,https://www.myfirstskool.com/ycc05-lifesg,
CENTRE:NT0598,My First Skool,522627,https://www.myfirstskool.com/tmc05-lifesg,www.myfirstskool.com,1,school_specific_candidate,not_verified,https://www.myfirstskool.com/tmc05-lifesg,
CENTRE:NT0566,MY FIRST SKOOL,797536,https://www.myfirstskool.com/swc02-lifesg,www.myfirstskool.com,1,school_specific_candidate,not_verified,https://www.myfirstskool.com/swc02-lifesg,
CENTRE:NT0594,MY FIRST SKOOL,828603,https://www.myfirstskool.com/pcc10-lifesg,www.myfirstskool.com,1,school_specific_candidate,not_verified,https://www.myfirstskool.com/pcc10-lifesg,
CENTRE:NT0563,MY FIRST SKOOL,828761,https://www.myfirstskool.com/wwp-lifesg,www.myfirstskool.com,1,school_specific_candidate,not_verified,https://www.myfirstskool.com/wwp-lifesg,
CENTRE:NT0558,MY FIRST SKOOL,640756,https://www.myfirstskool.com/jw9-lifesg,www.myfirstskool.com,1,school_specific_candidate,not_verified,https://www.myfirstskool.com/jw9-lifesg,
CENTRE:NT0557,MY FIRST SKOOL,823312,https://www.myfirstskool.com/pc6-lifesg,www.myfirstskool.com,1,school_specific_candidate,not_verified,https://www.myfirstskool.com/pc6-lifesg,
CENTRE:NT0556,MY FIRST SKOOL,758459,https://www.myfirstskool.com/ssc-lifesg,www.myfirstskool.com,1,school_specific_candidate,not_verified,https://www.myfirstskool.com/ssc-lifesg,
CENTRE:NC0002,MY FIRST SKOOL,449269,https://www.myfirstskool.com/pwc-lifesg,www.myfirstskool.com,2,shared_operator_page_candidate,not_verified,https://www.myfirstskool.com/pwc-lifesg,
CENTRE:NT0590,My First Skool,824322,https://www.myfirstskool.com/pcc09-lifesg,www.myfirstskool.com,1,school_specific_candidate,not_verified,https://www.myfirstskool.com/pcc09-lifesg,
CENTRE:SK0013,SKool4Kidz Preschool,523878,https://skool4kidz.com.sg/,skool4kidz.com.sg,28,shared_operator_page_candidate,not_verified,https://skool4kidz.com.sg/,
CENTRE:ST0289,PCF Sparkletots Preschool @ Teck Ghee Blk 301 (DS),560301,https://www.pcf.org.sg/sparkletots,www.pcf.org.sg,333,shared_operator_page_candidate,not_verified,https://www.pcf.org.sg/sparkletots,
CENTRE:ST0239,PCF Sparkletots Preschool @ Joo Chiat (DS),425611,https://www.pcf.org.sg/sparkletots,www.pcf.org.sg,333,shared_operator_page_candidate,not_verified,https://www.pcf.org.sg/sparkletots,
CENTRE:RC1860,HOLY GRACE KINDERCARE,466484,https://www.holygracekindergarten.sg/,www.holygracekindergarten.sg,1,school_specific_candidate,not_verified,https://www.holygracekindergarten.sg/,
CENTRE:NT0565,MY FIRST SKOOL,671443,https://www.myfirstskool.com/frc01-lifesg,www.myfirstskool.com,1,school_specific_candidate,not_verified,https://www.myfirstskool.com/frc01-lifesg,
CENTRE:NT0555,MY FIRST SKOOL,528833,https://www.myfirstskool.com/epc-lifesg,www.myfirstskool.com,1,school_specific_candidate,not_verified,https://www.myfirstskool.com/epc-lifesg,
CENTRE:NT0564,MY FIRST SKOOL,820119,https://www.myfirstskool.com/efc02-lifesg,www.myfirstskool.com,1,school_specific_candidate,not_verified,https://www.myfirstskool.com/efc02-lifesg,
CENTRE:NT0547,MY FIRST SKOOL,160054,https://www.myfirstskool.com/csc-lifesg,www.myfirstskool.com,1,school_specific_candidate,not_verified,https://www.myfirstskool.com/csc-lifesg,
CENTRE:NT0595,MY FIRST SKOOL,750109,https://www.myfirstskool.com/crc03-lifesg,www.myfirstskool.com,1,school_specific_candidate,not_verified,https://www.myfirstskool.com/crc03-lifesg,
CENTRE:PT9455,Sunflower Preschool @ Chevrons,609961,https://www.sunflowerkid.com/,www.sunflowerkid.com,26,shared_operator_page_candidate,not_verified,https://www.sunflowerkid.com/,
CENTRE:NT0569,MY FIRST SKOOL,750120,https://www.myfirstskool.com/crc02-lifesg,www.myfirstskool.com,1,school_specific_candidate,not_verified,https://www.myfirstskool.com/crc02-lifesg,
CENTRE:NT0592,MY FIRST SKOOL,371076,https://www.myfirstskool.com/cir01-lifesg,www.myfirstskool.com,1,school_specific_candidate,not_verified,https://www.myfirstskool.com/cir01-lifesg,
CENTRE:NT0571,MY FIRST SKOOL,390052,https://www.myfirstskool.com/ccr01-lifesg,www.myfirstskool.com,1,school_specific_candidate,not_verified,https://www.myfirstskool.com/ccr01-lifesg,
CENTRE:PT9135,MLC (YISHUN) PTE. LTD.,760849,https://mylittlecampus.com.sg/,mylittlecampus.com.sg,2,shared_operator_page_candidate,not_verified,https://mylittlecampus.com.sg/,
CENTRE:NT0599,My First Skool,684490,https://www.myfirstskool.com/cck05-lifesg,www.myfirstskool.com,1,school_specific_candidate,not_verified,https://www.myfirstskool.com/cck05-lifesg,
CENTRE:NT0579,MY FIRST SKOOL,681684,https://www.myfirstskool.com/cck04-lifesg,www.myfirstskool.com,1,school_specific_candidate,not_verified,https://www.myfirstskool.com/cck04-lifesg,
CENTRE:NT0570,MY FIRST SKOOL,683817,https://www.myfirstskool.com/cck03-lifesg,www.myfirstskool.com,1,school_specific_candidate,not_verified,https://www.myfirstskool.com/cck03-lifesg,
CENTRE:NT0561,MY FIRST SKOOL,644197,https://www.myfirstskool.com/bl4-lifesg,www.myfirstskool.com,2,shared_operator_page_candidate,not_verified,https://www.myfirstskool.com/bl4-lifesg,
CENTRE:NT0583,MY FIRST SKOOL,460187,https://www.myfirstskool.com/bcc05-lifesg,www.myfirstskool.com,1,school_specific_candidate,not_verified,https://www.myfirstskool.com/bcc05-lifesg,
CENTRE:RC1867,Little Shepherds' Schoolhouse@Church of St Francis Xavier,558758,https://littleshepherdsschoolhouse.edu.sg/,littleshepherdsschoolhouse.edu.sg,5,shared_operator_page_candidate,not_verified,https://littleshepherdsschoolhouse.edu.sg/,
CENTRE:PT9780,Adventure Tree Preschool @ Katong,439289,https://www.adventuretree.com.sg/,www.adventuretree.com.sg,3,shared_operator_page_candidate,not_verified,https://www.adventuretree.com.sg/,
CENTRE:NT0612,MY FIRST SKOOL,360227,https://www.myfirstskool.com/,www.myfirstskool.com,7,shared_operator_page_candidate,not_verified,https://www.myfirstskool.com/,
CENTRE:ST0277,PCF Sparkletots Preschool @ Braddell Heights Blk 417 (DS),550417,https://www.pcf.org.sg/sparkletots,www.pcf.org.sg,333,shared_operator_page_candidate,not_verified,https://www.pcf.org.sg/sparkletots,
CENTRE:NT0591,My First Skool,650438,https://www.myfirstskool.com/bbc04-lifesg,www.myfirstskool.com,1,school_specific_candidate,not_verified,https://www.myfirstskool.com/bbc04-lifesg,
CENTRE:NT0554,MY FIRST SKOOL,542332,https://www.myfirstskool.com/av5-lifesg,www.myfirstskool.com,1,school_specific_candidate,not_verified,https://www.myfirstskool.com/av5-lifesg,
CENTRE:ST0022,PCF SPARKLETOTS PRESCHOOL @ CHONG PANG BLK 142 (CC),760142,https://www.pcf.org.sg/sparkletots,www.pcf.org.sg,333,shared_operator_page_candidate,not_verified,https://www.pcf.org.sg/sparkletots,
CENTRE:PT9270,Heartyland Pte Ltd,640635,,,0,unavailable,unavailable,,
CENTRE:PT9249,NURTURESTARS CHILD CARE,828654,https://www.nurturestars.sg/,www.nurturestars.sg,4,shared_operator_page_candidate,not_verified,https://www.nurturestars.sg/,
CENTRE:ST0230,PCF Sparkletots Preschool @ Potong Pasir Blk 143 (DS),350143,https://www.pcf.org.sg/sparkletots,www.pcf.org.sg,333,shared_operator_page_candidate,not_verified,https://www.pcf.org.sg/sparkletots,
CENTRE:RC1752,THE MORAL CHILDCARE CENTRE,550407,,,0,unavailable,unavailable,,
CENTRE:ST0231,PCF Sparkletots Preschool @ Potong Pasir Blk 14 (KN),360014,https://www.pcf.org.sg/sparkletots,www.pcf.org.sg,333,shared_operator_page_candidate,not_verified,https://www.pcf.org.sg/sparkletots,
CENTRE:PT8801,The Kids' Inn Joo Chiat Pte Ltd,427392,,,0,unavailable,unavailable,,
CENTRE:RC1830,Little Shepherds' Schoolhouse@Church of St Francis of Assisi-JW,649368,https://www.littleshepherdsschoolhouse.edu.sg/,www.littleshepherdsschoolhouse.edu.sg,1,school_specific_candidate,not_verified,https://www.littleshepherdsschoolhouse.edu.sg/,
CENTRE:RC0420,Little Shepherds' Schoolhouse@Church of Our Lady Star of the Sea,760235,https://littleshepherdsschoolhouse.edu.sg/,littleshepherdsschoolhouse.edu.sg,5,shared_operator_page_candidate,not_verified,https://littleshepherdsschoolhouse.edu.sg/,
CENTRE:PT9631,Seeds D' Learning House,423731,https://seedslearning.com.sg/preschool,seedslearning.com.sg,1,school_specific_candidate,not_verified,https://seedslearning.com.sg/preschool,
CENTRE:PT9776,Toa Payoh Methodist Preschool,319641,,,0,unavailable,unavailable,,
CENTRE:PT8623,Changemakers Academy Explorer,397693,https://www.changemakersacademy.com/explorer/our-preschools/leisure-park-kallang,www.changemakersacademy.com,1,school_specific_candidate,not_verified,https://www.changemakersacademy.com/explorer/our-preschools/leisure-park-kallang,
CENTRE:PT9061,MAPLE BEAR ACADEMY PTE. LTD.,573968,,,0,unavailable,unavailable,,
CENTRE:PT9920,Maple Bear Newton,307965,https://www.maplebear.sg/newton,www.maplebear.sg,1,school_specific_candidate,not_verified,https://www.maplebear.sg/newton,
CENTRE:PT9167,WHARTON EASTCOAST PTE. LTD.,466601,,,0,unavailable,unavailable,,
CENTRE:ST0219,PCF Sparkletots Preschool @ Tanjong Pagar-Tiong Bahru Blk 130 (CC),160130,https://www.pcf.org.sg/sparkletots,www.pcf.org.sg,333,shared_operator_page_candidate,not_verified,https://www.pcf.org.sg/sparkletots,
CENTRE:PT9923,MAPLEBEAR TAPESTRY,528539,https://www.maplebear.sg/tapestry-tampines,www.maplebear.sg,1,school_specific_candidate,not_verified,https://www.maplebear.sg/tapestry-tampines,
CENTRE:RC0810,Little Learners Childcare Ltd,460520,https://www.chkmps.org.sg/,www.chkmps.org.sg,1,school_specific_candidate,not_verified,https://www.chkmps.org.sg/,
CENTRE:SK0034,SKOOL4KIDZ PRESCHOOL,691231,https://havence.world/enquiry/skool4kidz/prospect,havence.world,1,school_specific_candidate,not_verified,https://havence.world/enquiry/skool4kidz/prospect,
CENTRE:PT9123,Nurture Infant Pte Ltd,459067,https://www.nurtureinfant.com/,www.nurtureinfant.com,1,school_specific_candidate,not_verified,https://www.nurtureinfant.com/,
CENTRE:PT9874,YORK INFANT RIVER VALLEY,169075,,,0,unavailable,unavailable,,
CENTRE:PT9102,Sunflower Preschool @ Tenaga Pte Ltd,410656,https://www.sunflowerkid.com/,www.sunflowerkid.com,26,shared_operator_page_candidate,not_verified,https://www.sunflowerkid.com/,
CENTRE:PT9894,KIDDIWINKIE SCHOOLHOUSE @ EAST COAST,429064,,,0,unavailable,unavailable,,
CENTRE:PT0510,KINDERLAND PRESCHOOL,805946,https://www.kinderland.com.sg/,www.kinderland.com.sg,7,shared_operator_page_candidate,not_verified,https://www.kinderland.com.sg/,
CENTRE:ST0187,PCF SPARKLETOTS PRESCHOOL @ MACPHERSON BLK 54 (CC),370054,https://www.pcf.org.sg/sparkletots,www.pcf.org.sg,333,shared_operator_page_candidate,not_verified,https://www.pcf.org.sg/sparkletots,
CENTRE:NT0600,My First Skool,680225,https://www.myfirstskool.com/cck06-lifesg,www.myfirstskool.com,1,school_specific_candidate,not_verified,https://www.myfirstskool.com/cck06-lifesg,
CENTRE:SK0016,Skool4Kidz Preschool,750365,https://skool4kidz.com.sg/,skool4kidz.com.sg,28,shared_operator_page_candidate,not_verified,https://skool4kidz.com.sg/,
CENTRE:ST0399,PCF Sparkletots Preschool @ Kreta Ayer-Kim Seng Blk 21 (CC),380021,https://www.pcf.org.sg/sparkletots,www.pcf.org.sg,333,shared_operator_page_candidate,not_verified,https://www.pcf.org.sg/sparkletots,
CENTRE:PT8969,Bright Sparks Childcare (City Campus) Pte. Ltd.,200633,https://brightspark.sg/,brightspark.sg,2,shared_operator_page_candidate,not_verified,https://brightspark.sg/,
CENTRE:RC1766,KIDZ MEADOW CHILDCARE & DEVELOPMENT CENTRE (JURONG WEST),643663,https://kidzmeadow.com/,kidzmeadow.com,1,school_specific_candidate,not_verified,https://kidzmeadow.com/,
CENTRE:PT8702,Brighton Montessori Sunset Way,597071,https://www.brightonmontessori.com.sg/,www.brightonmontessori.com.sg,3,shared_operator_page_candidate,not_verified,https://www.brightonmontessori.com.sg/,
CENTRE:RC1885,Far Eastern Kindergarten,309063,https://www.lifebpc.com/fekedu,www.lifebpc.com,1,school_specific_candidate,not_verified,https://www.lifebpc.com/fekedu,
CENTRE:PT9829,MapleBear Tiny Learners Pte Ltd,417940,https://www.maplebear.sg/kakibukit,www.maplebear.sg,1,school_specific_candidate,not_verified,https://www.maplebear.sg/kakibukit,
CENTRE:ST0099,PCF Sparkletots Preschool@ Pioneer Blk 991 (CC),630991,https://www.pcf.org.sg/sparkletots,www.pcf.org.sg,333,shared_operator_page_candidate,not_verified,https://www.pcf.org.sg/sparkletots,
CENTRE:ST0005,PCF SPARKLETOTS PRESCHOOL @ WOODGROVE BLK 894D (CC),733894,https://www.pcf.org.sg/sparkletots,www.pcf.org.sg,333,shared_operator_page_candidate,not_verified,https://www.pcf.org.sg/sparkletots,
CENTRE:ST0186,PCF SPARKLETOTS PRESCHOOL @ BRADDELL HEIGHTS BLK 246 (CC),550246,https://www.pcf.org.sg/sparkletots,www.pcf.org.sg,333,shared_operator_page_candidate,not_verified,https://www.pcf.org.sg/sparkletots,
CENTRE:RC1905,KIDZ MEADOW CHILDCARE & DEVELOPMENT CENTRE (BEDOK NORTH),460431,https://www.kidzmeadow.com/,www.kidzmeadow.com,4,shared_operator_page_candidate,not_verified,https://www.kidzmeadow.com/,
CENTRE:ST0094,PCF Sparkletots Preschool @ Yuhua Blk 208 (CC),600208,https://www.pcf.org.sg/sparkletots,www.pcf.org.sg,333,shared_operator_page_candidate,not_verified,https://www.pcf.org.sg/sparkletots,
CENTRE:ST0047,PCF Sparkletots Preschool @ Woodgrove Blk 339 (CC),730339,https://www.pcf.org.sg/sparkletots,www.pcf.org.sg,333,shared_operator_page_candidate,not_verified,https://www.pcf.org.sg/sparkletots,
CENTRE:ST0329,PCF Sparkletots Preschool @ Keat Hong Blk 295 (DS),680295,https://www.pcf.org.sg/sparkletots,www.pcf.org.sg,333,shared_operator_page_candidate,not_verified,https://www.pcf.org.sg/sparkletots,
CENTRE:ST0080,PCF Sparkletots Preschool @ Jurong Spring-Gek Poh Blk 455 (CC),640455,https://www.pcf.org.sg/sparkletots,www.pcf.org.sg,333,shared_operator_page_candidate,not_verified,https://www.pcf.org.sg/sparkletots,
CENTRE:ST0296,PCF Sparkletots Preschool @ Marymount Blk 231 (DS),570231,https://www.pcf.org.sg/sparkletots,www.pcf.org.sg,333,shared_operator_page_candidate,not_verified,https://www.pcf.org.sg/sparkletots,
CENTRE:ST0292,PCF Sparkletots Preschool @ Cheng San Blk 533 (EY),560533,https://www.pcf.org.sg/sparkletots,www.pcf.org.sg,333,shared_operator_page_candidate,not_verified,https://www.pcf.org.sg/sparkletots,
CENTRE:PT7110,ETONHOUSE INTERNATIONAL RESEARCH PRE-SCHOOL PTE.LTD.,49318,https://info.etonhouse.edu.sg/city,info.etonhouse.edu.sg,1,school_specific_candidate,not_verified,https://info.etonhouse.edu.sg/city,
CENTRE:PT8659,Apricus Kids Academy Pte Ltd,287421,https://www.apricuspreschool.com/,www.apricuspreschool.com,1,school_specific_candidate,not_verified,https://www.apricuspreschool.com/,
CENTRE:ST0406,PCF Sparkletots Preschool @ Buona Vista Blk 43 (CC),142043,https://www.pcf.org.sg/sparkletots,www.pcf.org.sg,333,shared_operator_page_candidate,not_verified,https://www.pcf.org.sg/sparkletots,
CENTRE:ST0388,PCF Sparkletots Preschool @ Taman Jurong Blk 150 (CC),610150,https://www.pcf.org.sg/sparkletots,www.pcf.org.sg,333,shared_operator_page_candidate,not_verified,https://www.pcf.org.sg/sparkletots,
CENTRE:ST0385,PCF Sparkletots Preschool @ Kolam Ayer Blk 52 (CC),380052,https://www.pcf.org.sg/sparkletots,www.pcf.org.sg,333,shared_operator_page_candidate,not_verified,https://www.pcf.org.sg/sparkletots,
CENTRE:ST0381,PCF Sparkletots Preschool @ Kolam Ayer Blk 26B (EY),322026,https://www.pcf.org.sg/sparkletots,www.pcf.org.sg,333,shared_operator_page_candidate,not_verified,https://www.pcf.org.sg/sparkletots,
CENTRE:ST0325,PCF Sparkletots Preschool @ Cashew Blk 545 (EY),670545,https://www.pcf.org.sg/sparkletots,www.pcf.org.sg,333,shared_operator_page_candidate,not_verified,https://www.pcf.org.sg/sparkletots,
CENTRE:ST0313,PCF Sparkletots Preschool @ Jurong Spring-Gek Poh Blk 276D (KN),644276,https://www.pcf.org.sg/sparkletots,www.pcf.org.sg,333,shared_operator_page_candidate,not_verified,https://www.pcf.org.sg/sparkletots,
CENTRE:ST0301,PCF Sparkletots Preschool @ Taman Jurong Blk 352 (DS),610352,https://www.pcf.org.sg/sparkletots,www.pcf.org.sg,333,shared_operator_page_candidate,not_verified,https://www.pcf.org.sg/sparkletots,
CENTRE:ST0295,PCF Sparkletots Preschool @ Bishan East-Sin Ming Blk 197 (KN),570197,https://www.pcf.org.sg/sparkletots,www.pcf.org.sg,333,shared_operator_page_candidate,not_verified,https://www.pcf.org.sg/sparkletots,
CENTRE:ST0222,PCF Sparkletots Preschool @ Buona Vista Blk 4 (DS),271004,https://www.pcf.org.sg/sparkletots,www.pcf.org.sg,333,shared_operator_page_candidate,not_verified,https://www.pcf.org.sg/sparkletots,
CENTRE:ST0215,PCF Sparkletots Preschool @ Buona Vista Blk 54 (DS),142054,https://www.pcf.org.sg/sparkletots,www.pcf.org.sg,333,shared_operator_page_candidate,not_verified,https://www.pcf.org.sg/sparkletots,
CENTRE:ST0213,PCF Sparkletots Preschool @ West Coast Blk 728 (KN),120728,https://www.pcf.org.sg/sparkletots,www.pcf.org.sg,333,shared_operator_page_candidate,not_verified,https://www.pcf.org.sg/sparkletots,
CENTRE:ST0211,PCF Sparkletots Preschool @ Telok Blangah Blk 78A (DS),101078,https://www.pcf.org.sg/sparkletots,www.pcf.org.sg,333,shared_operator_page_candidate,not_verified,https://www.pcf.org.sg/sparkletots,
CENTRE:ST0203,PCF SPARKLETOTS PRESCHOOL @ BUKIT TIMAH BLK 319 (EY),120319,https://www.pcf.org.sg/sparkletots,www.pcf.org.sg,333,shared_operator_page_candidate,not_verified,https://www.pcf.org.sg/sparkletots,
CENTRE:ST0184,PCF Sparkletots Preschool @ Bishan East-Sin Ming Blk 409 (CC),570409,https://www.pcf.org.sg/sparkletots,www.pcf.org.sg,333,shared_operator_page_candidate,not_verified,https://www.pcf.org.sg/sparkletots,
CENTRE:ST0175,PCF SPARKLETOTS PRESCHOOL @ CASHEW (CC),678278,https://www.pcf.org.sg/sparkletots,www.pcf.org.sg,333,shared_operator_page_candidate,not_verified,https://www.pcf.org.sg/sparkletots,
CENTRE:ST0170,PCF Sparkletots Preschool @ Kreta Ayer-Kim Seng Blk 8 (DS),380008,https://www.pcf.org.sg/sparkletots,www.pcf.org.sg,333,shared_operator_page_candidate,not_verified,https://www.pcf.org.sg/sparkletots,
CENTRE:ST0111,PCF Sparkletots Preschool @ Jurong Spring-Gek Poh Blk 275A (CC),641275,https://www.pcf.org.sg/sparkletots,www.pcf.org.sg,333,shared_operator_page_candidate,not_verified,https://www.pcf.org.sg/sparkletots,
CENTRE:ST0098,PCF SPARKLETOTS PRESCHOOL @ KOLAM AYER BLK 39 (EY),330039,https://www.pcf.org.sg/sparkletots,www.pcf.org.sg,333,shared_operator_page_candidate,not_verified,https://www.pcf.org.sg/sparkletots,
CENTRE:ST0078,PCF Sparkletots Preschool @ Bishan East-Sin Ming Blk 181 (CC),570181,https://www.pcf.org.sg/sparkletots,www.pcf.org.sg,333,shared_operator_page_candidate,not_verified,https://www.pcf.org.sg/sparkletots,
CENTRE:ST0070,PCF SPARKLETOTS PRESCHOOL @ KRETA AYER-KIM SENG BLK 79 (EY),161079,https://www.pcf.org.sg/sparkletots,www.pcf.org.sg,333,shared_operator_page_candidate,not_verified,https://www.pcf.org.sg/sparkletots,
CENTRE:ST0052,PCF SPARKLETOTS PRESCHOOL @ BUKIT TIMAH BLK 305 (CC),120305,https://www.pcf.org.sg/sparkletots,www.pcf.org.sg,333,shared_operator_page_candidate,not_verified,https://www.pcf.org.sg/sparkletots,
CENTRE:ST0048,PCF SPARKLETOTS PRESCHOOL @ JURONG CENTRAL BLK 404 (CC),640404,https://www.pcf.org.sg/sparkletots,www.pcf.org.sg,333,shared_operator_page_candidate,not_verified,https://www.pcf.org.sg/sparkletots,
CENTRE:ST0031,PCF SPARKLETOTS PRESCHOOL @ TELOK BLANGAH BLK 44 (CC),100044,https://www.pcf.org.sg/sparkletots,www.pcf.org.sg,333,shared_operator_page_candidate,not_verified,https://www.pcf.org.sg/sparkletots,
CENTRE:ST0006,PCF SPARKLETOTS PRESCHOOL @ CASHEW BLK 183 (CC),670183,https://www.pcf.org.sg/sparkletots,www.pcf.org.sg,333,shared_operator_page_candidate,not_verified,https://www.pcf.org.sg/sparkletots,
CENTRE:SK0037,SKOOL4KIDZ PRESCHOOL,560651,,,0,unavailable,unavailable,,
CENTRE:SK0007,Skool4Kidz Preschool,821673,https://skool4kidz.com.sg/,skool4kidz.com.sg,28,shared_operator_page_candidate,not_verified,https://skool4kidz.com.sg/,
CENTRE:PT9924,Whistle Woods Schoolhouse,589239,https://www.whistlewoods.com/,www.whistlewoods.com,1,school_specific_candidate,not_verified,https://www.whistlewoods.com/,
CENTRE:PT9703,The Little House (Montessori) Pte Ltd,588534,https://www.thelittlehousemontessori.com/,www.thelittlehousemontessori.com,1,school_specific_candidate,not_verified,https://www.thelittlehousemontessori.com/,
CENTRE:PT9314,KIDDY UP PTE LTD,188553,https://www.vivschoolhouse.com/,www.vivschoolhouse.com,1,school_specific_candidate,not_verified,https://www.vivschoolhouse.com/,
CENTRE:PT9230,LEAP SCHOOLHOUSE @ CITY SQUARE MALL PTE LTD,208539,,,0,unavailable,unavailable,,
CENTRE:PT8340,ENFANT EDUCARE PTE LTD,209062,https://www.enfant.com.sg/,www.enfant.com.sg,1,school_specific_candidate,not_verified,https://www.enfant.com.sg/,
CENTRE:PT8835,STAR LEARNERS @ SENGKANG PTE. LTD.,540266,https://starlearners.com.sg/our-centres/sengkang-compassvale,starlearners.com.sg,1,school_specific_candidate,not_verified,https://starlearners.com.sg/our-centres/sengkang-compassvale,
CENTRE:PT9450,STAR LEARNERS @ BUKIT PANJANG PTE LTD,670522,https://starlearners.com.sg/our-centres/bukit-panjang,starlearners.com.sg,1,school_specific_candidate,not_verified,https://starlearners.com.sg/our-centres/bukit-panjang,
CENTRE:PT9001,Brighton Montessori Ang Mo Kio (Yio Chu Kang Community Club),569163,http://www.brightonmontessori.com.sg/,www.brightonmontessori.com.sg,2,shared_operator_page_candidate,not_verified,http://www.brightonmontessori.com.sg/,
CENTRE:PT8713,NURTURESTARS PTE. LTD.,769027,https://www.nurturestars.sg/,www.nurturestars.sg,4,shared_operator_page_candidate,not_verified,https://www.nurturestars.sg/,
CENTRE:WP1108,CARPE DIEM LITTLE GREEN HOUSE PTE. LTD.,737853,https://www.carpediem.com.sg/,www.carpediem.com.sg,15,shared_operator_page_candidate,not_verified,https://www.carpediem.com.sg/,
CENTRE:PT9851,Serangoon Garden Methodist Preschool,556057,https://www.methodistpreschools.org/,www.methodistpreschools.org,1,school_specific_candidate,not_verified,https://www.methodistpreschools.org/,
CENTRE:PT9777,Bedok Methodist Preschool,469371,https://methodistpreschools.org/,methodistpreschools.org,4,shared_operator_page_candidate,not_verified,https://methodistpreschools.org/,
CENTRE:PT9041,SUNFLOWER PRESCHOOL @ HOUGANG (PTE. LTD.),530406,https://www.sunflowerkid.com/,www.sunflowerkid.com,26,shared_operator_page_candidate,not_verified,https://www.sunflowerkid.com/,
CENTRE:PT9229,MINDCHAMPS CHINESE PRESCHOOL@TAMPINES CENTRAL PRIVATE LIMITED,529540,,,0,unavailable,unavailable,,
CENTRE:PT9037,Little Greenhouse @ Anchorvale Pte Ltd,543319,https://www.littlegreenhouse.com.sg/,www.littlegreenhouse.com.sg,14,shared_operator_page_candidate,not_verified,https://www.littlegreenhouse.com.sg/,
CENTRE:PT9443,SUPERLAND PRE-SCHOOL @ KACC,88995,https://www.superland.com.sg/,www.superland.com.sg,16,shared_operator_page_candidate,not_verified,https://www.superland.com.sg/,
CENTRE:PT9195,SMI PRESCHOOL PTE. LTD.,600414,https://www.smartmontessori.com.sg/,www.smartmontessori.com.sg,1,school_specific_candidate,not_verified,https://www.smartmontessori.com.sg/,
CENTRE:PT5250,KINDERLAND PRESCHOOL,730900,https://www.kinderland.com.sg/,www.kinderland.com.sg,7,shared_operator_page_candidate,not_verified,https://www.kinderland.com.sg/,
CENTRE:EB0007,E-Bridge Pre-School Pte. Ltd.,820670,https://info.e-bridge.edu.sg/registration-of-interest,info.e-bridge.edu.sg,23,shared_operator_page_candidate,not_verified,https://info.e-bridge.edu.sg/registration-of-interest,
CENTRE:RC1818,The Chinese Kindergarten Preschool,169053,http://www.chinesekindergarten.org.sg/,www.chinesekindergarten.org.sg,1,school_specific_candidate,not_verified,http://www.chinesekindergarten.org.sg/,
CENTRE:ST0413,PCF Sparkletots Preschool @ Pasir Ris Central Blk 590 (CC),510590,https://www.pcf.org.sg/sparkletots,www.pcf.org.sg,333,shared_operator_page_candidate,not_verified,https://www.pcf.org.sg/sparkletots,
CENTRE:ST0068,PCF SPARKLETOTS PRESCHOOL @ RADIN MAS BLK 18 (DS),90018,https://www.pcf.org.sg/sparkletots,www.pcf.org.sg,333,shared_operator_page_candidate,not_verified,https://www.pcf.org.sg/sparkletots,
CENTRE:RC1862,Bukit Panjang Methodist Church Kindergarten,678091,https://bpmckindy.org/,bpmckindy.org,1,school_specific_candidate,not_verified,https://bpmckindy.org/,
CENTRE:PT9446,WCHESTER PRESCHOOLERS PTE LTD,248922,https://www.winchester.school/,www.winchester.school,1,school_specific_candidate,not_verified,https://www.winchester.school/,
CENTRE:PT9197,TWINKLEKIDZ @ BENDEMEER PTE. LTD.,339949,https://www.twinklekidz.com/,www.twinklekidz.com,4,shared_operator_page_candidate,not_verified,https://www.twinklekidz.com/,
CENTRE:PT9416,HEARTYLAND INFANT CARE PTE LTD,688892,,,0,unavailable,unavailable,,
CENTRE:PT9345,SMALL WONDER PRESCHOOL SIMS,388410,,,0,unavailable,unavailable,,
CENTRE:PT9160,Small Wonder Preschool Khatib,767944,,,0,unavailable,unavailable,,
CENTRE:PT9906,Wharton Preschool @ Admiralty,757438,https://www.whartonpreschool.com/,www.whartonpreschool.com,1,school_specific_candidate,not_verified,https://www.whartonpreschool.com/,
CENTRE:PT9329,BRILLIANT TOTS ACADEMY PTE. LTD.,556141,,,0,unavailable,unavailable,,
CENTRE:ST0412,PCF Sparkletots Preschool @ Tampines Changkat Blk 964A (CC),521964,https://www.pcf.org.sg/sparkletots,www.pcf.org.sg,333,shared_operator_page_candidate,not_verified,https://www.pcf.org.sg/sparkletots,
CENTRE:WP0610,Learning Vision TechPoint (Ang Mo Kio),569059,https://learningvision.com/,learningvision.com,2,shared_operator_page_candidate,not_verified,https://learningvision.com/,
CENTRE:PT9806,Alpha Green Preschool Pte. Ltd,678541,https://alphagreen.edu.sg/,alphagreen.edu.sg,1,school_specific_candidate,not_verified,https://alphagreen.edu.sg/,
CENTRE:PT9453,MAPLEBEAR ELITE PRESCHOOL PTE LTD,638270,,,0,unavailable,unavailable,,
CENTRE:RC1745,LITTLE DOLPHINS PLAYSKOOL,120714,https://uima.org.sg/,uima.org.sg,2,shared_operator_page_candidate,not_verified,https://uima.org.sg/,
CENTRE:PT9681,Little Woods Montessori,329762,https://www.littlewoodsmontessori.com/,www.littlewoodsmontessori.com,1,school_specific_candidate,not_verified,https://www.littlewoodsmontessori.com/,
CENTRE:KM0042,MOE KINDERGARTEN @ NORTH VIEW,768960,,,0,unavailable,unavailable,,
CENTRE:EB0002,E-BRIDGE PRE-SCHOOL PTE. LTD.,822615,https://info.e-bridge.edu.sg/registration-of-interest,info.e-bridge.edu.sg,23,shared_operator_page_candidate,not_verified,https://info.e-bridge.edu.sg/registration-of-interest,
CENTRE:RC0910,PRINCE SIDDHATTHA CHILD CARE CENTRE,650215,,,0,unavailable,unavailable,,
CENTRE:PT9671,House on the Hill Pte. Ltd.,118733,http://houseonthehill.com.sg/,houseonthehill.com.sg,1,school_specific_candidate,not_verified,http://houseonthehill.com.sg/,
CENTRE:KM0006,MOE KINDERGARTEN @ PUNGGOL GREEN,828772,https://www.punggolgreenpri.moe.edu.sg/mk-punggol-green,www.punggolgreenpri.moe.edu.sg,1,school_specific_candidate,not_verified,https://www.punggolgreenpri.moe.edu.sg/mk-punggol-green,
CENTRE:PT9324,STAR LEARNERS @ HOUGANG PTE LTD,535736,https://starlearners.com.sg/our-centres/hougang-preschool,starlearners.com.sg,1,school_specific_candidate,not_verified,https://starlearners.com.sg/our-centres/hougang-preschool,
CENTRE:PT8110,STAR LEARNERS @ SIMEI PTE. LTD.,489480,https://starlearners.com.sg/our-centres/simei,starlearners.com.sg,1,school_specific_candidate,not_verified,https://starlearners.com.sg/our-centres/simei,
CENTRE:PT9133,POSSO PRESCHOOL @ JURONG EAST,609933,,,0,unavailable,unavailable,,
CENTRE:ST0398,PCF Sparkletots Preschool @ Tampines Boulevard Blk 647 (EY),520647,https://www.pcf.org.sg/sparkletots,www.pcf.org.sg,333,shared_operator_page_candidate,not_verified,https://www.pcf.org.sg/sparkletots,
CENTRE:PT9149,Little Greenhouse @ Fernvale Pte Ltd,791409,https://www.littlegreenhouse.com.sg/,www.littlegreenhouse.com.sg,14,shared_operator_page_candidate,not_verified,https://www.littlegreenhouse.com.sg/,
CENTRE:PT8972,LITTLE GREENHOUSE @ HOUGANG PTE LTD,538875,https://www.littlegreenhouse.com.sg/,www.littlegreenhouse.com.sg,14,shared_operator_page_candidate,not_verified,https://www.littlegreenhouse.com.sg/,
CENTRE:PT9608,Kinderbridge Bilingual Preschool,159971,http://www.thegardnerpreschool.com.sg/,www.thegardnerpreschool.com.sg,1,school_specific_candidate,not_verified,http://www.thegardnerpreschool.com.sg/ | http://www.kinderbridge.com.sg/,
CENTRE:PT9944,MapleBear Playworks @ BT Pte Ltd,277375,,,0,unavailable,unavailable,,
CENTRE:PT9943,Amber- School of the Future,428766,https://www.amberinternational.co/,www.amberinternational.co,1,school_specific_candidate,not_verified,https://www.amberinternational.co/,
CENTRE:PT8837,RAINFOREST SCHOOLHOUSE PTE LTD,219568,https://www.rainforestschoolhouse.com/,www.rainforestschoolhouse.com,1,school_specific_candidate,not_verified,https://www.rainforestschoolhouse.com/,
CENTRE:KM0005,MOE KINDERGARTEN @ GONGSHANG,529176,http://www.gongshangpri.moe.edu.sg/,www.gongshangpri.moe.edu.sg,1,school_specific_candidate,not_verified,http://www.gongshangpri.moe.edu.sg/,
CENTRE:ST0147,PCF SPARKLETOTS PRESCHOOL @ TECK GHEE BLK 415 (CC),560415,https://www.pcf.org.sg/sparkletots,www.pcf.org.sg,333,shared_operator_page_candidate,not_verified,https://www.pcf.org.sg/sparkletots,
CENTRE:PT9454,Sunflower Preschool @ Hillview,669723,https://www.sunflowerkid.com/,www.sunflowerkid.com,26,shared_operator_page_candidate,not_verified,https://www.sunflowerkid.com/,
CENTRE:PT9525,MY LEARNING HAVEN (SUNTEC),38983,https://www.mylearninghaven.com/,www.mylearninghaven.com,1,school_specific_candidate,not_verified,https://www.mylearninghaven.com/,
CENTRE:PT9248,Brighton Montessori River Valley,248279,,,0,unavailable,unavailable,,
CENTRE:PT8720,A2E Kids,380118,https://www.a2e.sg/,www.a2e.sg,1,school_specific_candidate,not_verified,https://www.a2e.sg/,
CENTRE:PT9661,Lumiere Montessori House,574141,https://www.lumieremontessori.com/,www.lumieremontessori.com,3,shared_operator_page_candidate,not_verified,https://www.lumieremontessori.com/,
CENTRE:RC1757,BETHEL PRESCHOOL,534514,https://www.bethelpreschoolsg.org/,www.bethelpreschoolsg.org,1,school_specific_candidate,not_verified,https://www.bethelpreschoolsg.org/,
CENTRE:PT9338,MAPLEBEAR LITTLE CAMPUS PTE LTD,787013,https://maplebear.sg/,maplebear.sg,3,shared_operator_page_candidate,not_verified,https://maplebear.sg/,
CENTRE:PT9787,The Grange International Preschool,805946,,,0,unavailable,unavailable,,
CENTRE:PT9527,Bucket House Preschool Education Pte. Ltd.,737856,https://www.buckethousepreschool.com/,www.buckethousepreschool.com,2,shared_operator_page_candidate,not_verified,https://www.buckethousepreschool.com/,
CENTRE:ST0401,PCF Sparkletots Preschool @ Geylang Serai Blk 37 (CC),400037,https://www.pcf.org.sg/sparkletots,www.pcf.org.sg,333,shared_operator_page_candidate,not_verified,https://www.pcf.org.sg/sparkletots,
CENTRE:PT9773,Little Olive Tree (FMC Farrer Park),218577,,,0,unavailable,unavailable,,
CENTRE:PT8877,WHARTON PRESCHOOL PTE. LTD.,554360,,,0,unavailable,unavailable,,
CENTRE:PT9911,The Orange Tree (RV) Pte Ltd,239359,,,0,unavailable,unavailable,,
CENTRE:PT9672,Singapore Hokkien Huay Kuan Preschool,466781,https://www.shhkpreschool.com.sg/,www.shhkpreschool.com.sg,1,school_specific_candidate,not_verified,https://www.shhkpreschool.com.sg/,
CENTRE:PT7480,SEEDLINGS MONTESSORI ALEXANDRA PTE LTD,142057,https://www.seedlings.com.sg/,www.seedlings.com.sg,1,school_specific_candidate,not_verified,https://www.seedlings.com.sg/,
CENTRE:PT8471,PLANET MONTESSORI PTE. LTD.,467903,,,0,unavailable,unavailable,,
CENTRE:PT8687,PERIDOT SCHOOLHOUSE PTE LTD,460219,,,0,unavailable,unavailable,,
CENTRE:PT9062,Nurtured Nest Bukit Timah Pte. Ltd.,289627,,,0,unavailable,unavailable,,
CENTRE:PT9649,Montessori Children's House,278685,https://www.montessorich.sg/,www.montessorich.sg,1,school_specific_candidate,not_verified,https://www.montessorich.sg/,
CENTRE:RC1807,KAY POH ROAD BAPTIST KINDERGARTEN,248963,https://kbk2000.weebly.com/,kbk2000.weebly.com,1,school_specific_candidate,not_verified,https://kbk2000.weebly.com/,
CENTRE:PT8900,ACADEMY KIDZ INC PTE. LTD.,469004,https://www.akidz.sg/,www.akidz.sg,1,school_specific_candidate,not_verified,https://www.akidz.sg/,
CENTRE:PT9781,Rain Tree Montessori Schoolhouse,469538,https://www.rtmschool.com/,www.rtmschool.com,2,shared_operator_page_candidate,not_verified,https://www.rtmschool.com/,
CENTRE:RC1785,LUTHER PRESCHOOL,149601,https://www.qlc.org.sg/lutherpreschool,www.qlc.org.sg,1,school_specific_candidate,not_verified,https://www.qlc.org.sg/lutherpreschool,
CENTRE:RC1560,Little Olive Tree (Rochor),188659,https://www.lifechildcare.edu.sg/,www.lifechildcare.edu.sg,1,school_specific_candidate,not_verified,https://www.lifechildcare.edu.sg/,
CENTRE:RC1888,Little Olive Tree (Bethesda Depot Walk),109590,https://www.littleolivetree.edu.sg/,www.littleolivetree.edu.sg,11,shared_operator_page_candidate,not_verified,https://www.littleolivetree.edu.sg/,
CENTRE:RC0640,GREEN PASTURES CHILD CENTRE,268910,,,0,unavailable,unavailable,,
CENTRE:RC1882,Nanyang Kindergarten,268155,https://www.nanyangkindergarten.com/,www.nanyangkindergarten.com,1,school_specific_candidate,not_verified,https://www.nanyangkindergarten.com/,
CENTRE:PT9666,MFC KINDERGARTEN,439476,https://www.montessori.edu.sg/,www.montessori.edu.sg,2,shared_operator_page_candidate,not_verified,https://www.montessori.edu.sg/,
CENTRE:PT9602,MASTERMINDS MONTESSORI KINDERGARTEN,267214,https://www.masterminds.sg/,www.masterminds.sg,1,school_specific_candidate,not_verified,https://www.masterminds.sg/,
CENTRE:PT8689,MASTERMINDS MONTESSORI HILLVIEW PTE. LTD.,669898,https://www.masterminds.com.sg/,www.masterminds.com.sg,2,shared_operator_page_candidate,not_verified,https://www.masterminds.com.sg/,
CENTRE:PT9028,DA LITTLE PRESCHOOL AT CECIL PRIVATE LIMITED,69925,https://www.dalittlepreschool.com.sg/,www.dalittlepreschool.com.sg,2,shared_operator_page_candidate,not_verified,https://www.dalittlepreschool.com.sg/,
CENTRE:PT9857,JUNIOR CHAMPS (GRANTRAL MALL),368242,https://www.juniorchamps.com.sg/,www.juniorchamps.com.sg,4,shared_operator_page_candidate,not_verified,https://www.juniorchamps.com.sg/,
CENTRE:PT8662,JUNIOR CHAMPS EDUCAMPUS PTE. LTD.,538719,https://www.juniorchamps.com.sg/,www.juniorchamps.com.sg,4,shared_operator_page_candidate,not_verified,https://www.juniorchamps.com.sg/,
CENTRE:PT8457,JUNIOR CHAMPS @ KOVAN PTE. LTD.,530205,https://www.juniorchamps.com.sg/,www.juniorchamps.com.sg,4,shared_operator_page_candidate,not_verified,https://www.juniorchamps.com.sg/,
CENTRE:PT9331,ETONHOUSE PRE-SCHOOL PTE LTD,269782,,,0,unavailable,unavailable,,
CENTRE:PT5460,ETONHOUSE PRE-SCHOOL PTE LTD,287771,https://www.etonhouse.edu.sg/school/vanda,www.etonhouse.edu.sg,1,school_specific_candidate,not_verified,https://www.etonhouse.edu.sg/school/vanda,
CENTRE:EB0014,E-BRIDGE PRE-SCHOOL PTE LTD,821226,https://info.e-bridge.edu.sg/registration-of-interest,info.e-bridge.edu.sg,23,shared_operator_page_candidate,not_verified,https://info.e-bridge.edu.sg/registration-of-interest,
CENTRE:EB0013,E-BRIDGE PRE-SCHOOL PTE LTD,650443,https://info.e-bridge.edu.sg/registration-of-interest,info.e-bridge.edu.sg,23,shared_operator_page_candidate,not_verified,https://info.e-bridge.edu.sg/registration-of-interest,
CENTRE:EB0009,E-BRIDGE PRE-SCHOOL PTE LTD,828683,https://info.e-bridge.edu.sg/registration-of-interest,info.e-bridge.edu.sg,23,shared_operator_page_candidate,not_verified,https://info.e-bridge.edu.sg/registration-of-interest,
CENTRE:RC1849,Bethesda (Pasir Ris) Kindergarten,518458,https://bprk.sg/,bprk.sg,1,school_specific_candidate,not_verified,https://bprk.sg/,
CENTRE:RC1822,Bethesda Ang Mo Kio Kindergarten,569898,https://www.bethesdakindergarten.com/,www.bethesdakindergarten.com,1,school_specific_candidate,not_verified,https://www.bethesdakindergarten.com/,
CENTRE:RC1908,Barker Road Methodist Church Little Lights Preschool -  Vanda,287773,https://www.brmclittlelights.edu.sg/,www.brmclittlelights.edu.sg,2,shared_operator_page_candidate,not_verified,https://www.brmclittlelights.edu.sg/,
CENTRE:RC1829,BARKER ROAD METHODIST CHURCH LITTLE LIGHTS PRESCHOOL - BARKER,309936,https://www.brmclittlelights.edu.sg/,www.brmclittlelights.edu.sg,2,shared_operator_page_candidate,not_verified,https://www.brmclittlelights.edu.sg/,
CENTRE:RC1590,LITTLE DOLPHINS PLAYSKOOL,680276,https://uima.org.sg/,uima.org.sg,2,shared_operator_page_candidate,not_verified,https://uima.org.sg/,
CENTRE:RC1370,Little Dolphins Playskool,527491,,,0,unavailable,unavailable,,
CENTRE:PT9726,Brainy Bunch Hougang Pte. Ltd.,530247,https://www.brainybunch.sg/,www.brainybunch.sg,1,school_specific_candidate,not_verified,https://www.brainybunch.sg/,
CENTRE:PT9621,Brainy Bunch Pasir Ris Pte Ltd,510273,,,0,unavailable,unavailable,,
CENTRE:RC1864,ST. JOSEPH'S INSTITUTION INTERNATIONAL PRESCHOOL LTD.,258850,https://www.sji-internationalpreschool.com.sg/,www.sji-internationalpreschool.com.sg,1,school_specific_candidate,not_verified,https://www.sji-internationalpreschool.com.sg/,
CENTRE:PT9432,MAPLEBEAR LEARNING CENTRE PTE LTD,546934,https://www.maplebear.sg/serangoongardens,www.maplebear.sg,1,school_specific_candidate,not_verified,https://www.maplebear.sg/serangoongardens,
CENTRE:PT9526,Tinkerland @ CCK,689464,https://www.sdmglobaltots.sg/,www.sdmglobaltots.sg,2,shared_operator_page_candidate,not_verified,https://www.sdmglobaltots.sg/,
CENTRE:PT4700,Columbia Preschool,608838,https://www.columbiapreschool.sg/,www.columbiapreschool.sg,1,school_specific_candidate,not_verified,https://www.columbiapreschool.sg/,
CENTRE:PT9736,CHATSWORTH PRESCHOOL,129781,https://www.sdmchatsworth.sg/,www.sdmchatsworth.sg,2,shared_operator_page_candidate,not_verified,https://www.sdmchatsworth.sg/,
CENTRE:PT9027,Kiddiwinkie Schoolhouse Singapore Pte Ltd,439659,https://www.kiddiwinkie.edu.sg/,www.kiddiwinkie.edu.sg,7,shared_operator_page_candidate,not_verified,https://www.kiddiwinkie.edu.sg/,
CENTRE:PT6720,Nest Preschool Bishan Pte. Ltd.,576013,https://nestpreschool.sg/,nestpreschool.sg,4,shared_operator_page_candidate,not_verified,https://nestpreschool.sg/,
CENTRE:PT9737,Pink Tower Montessori Pte Ltd,423731,https://www.pinktowermontessori.sg/,www.pinktowermontessori.sg,1,school_specific_candidate,not_verified,https://www.pinktowermontessori.sg/,
CENTRE:EB0006,E-BRIDGE PRE-SCHOOL PTE. LTD.,677743,https://info.e-bridge.edu.sg/registration-of-interest,info.e-bridge.edu.sg,23,shared_operator_page_candidate,not_verified,https://info.e-bridge.edu.sg/registration-of-interest,
CENTRE:PT9121,Little Kinder Montessori @ Hillview,669949,https://www.littlekindermontessori.com/,www.littlekindermontessori.com,5,shared_operator_page_candidate,not_verified,https://www.littlekindermontessori.com/,
CENTRE:ST0314,PCF Sparkletots Preschool @ Bukit Batok Blk 148 (KN),650148,https://www.pcf.org.sg/sparkletots,www.pcf.org.sg,333,shared_operator_page_candidate,not_verified,https://www.pcf.org.sg/sparkletots,
CENTRE:PT9928,CAVENUR EARLY LEARNING CENTRE,758419,,,0,unavailable,unavailable,,
CENTRE:KM0045,MOE Kindergarten @ Alexandra,159016,https://alexandrapri.moe.edu.sg/,alexandrapri.moe.edu.sg,1,school_specific_candidate,not_verified,https://alexandrapri.moe.edu.sg/,
CENTRE:PT8441,BRIGHT LEARNERS PRESCHOOL,428915,https://www.brightlearners.com.sg/,www.brightlearners.com.sg,1,school_specific_candidate,not_verified,https://www.brightlearners.com.sg/,
CENTRE:PT9171,First Steps Preschool @ Admiralty,730701,https://www.ourfirststeps.com.sg/,www.ourfirststeps.com.sg,2,shared_operator_page_candidate,not_verified,https://www.ourfirststeps.com.sg/,
CENTRE:PT3000,BRIGHT KIDS @ PASIR RIS PTE LTD,510764,https://www.brightkids.com.sg/,www.brightkids.com.sg,5,shared_operator_page_candidate,not_verified,https://www.brightkids.com.sg/,
CENTRE:PT7290,BRIGHT KIDS SCHOOL HOUSE PTE LTD,824173,https://www.brightkids.com.sg/,www.brightkids.com.sg,5,shared_operator_page_candidate,not_verified,https://www.brightkids.com.sg/,
CENTRE:ST0009,PCF Sparkletots Preschool @ Bishan East-Sin Ming Blk 178 (CC),570178,https://pcfsparkletots.org.sg/,pcfsparkletots.org.sg,2,shared_operator_page_candidate,not_verified,https://pcfsparkletots.org.sg/,
CENTRE:PT9583,QUAYSIDE ISLE PREPARATORY SCHOOL,98375,http://www.quips.edu.sg/,www.quips.edu.sg,1,school_specific_candidate,not_verified,http://www.quips.edu.sg/,
CENTRE:PT9055,JOY TALENT CHILDCARE CENTRE PTE. LTD.,640541,,,0,unavailable,unavailable,,
CENTRE:PT9449,Learning Vision Sengkang General Hospital,544835,https://www.learningvision.com/,www.learningvision.com,6,shared_operator_page_candidate,not_verified,https://www.learningvision.com/,
CENTRE:KM0036,MOE Kindergarten @ Mayflower,569878,https://www.mayflowerpri.moe.edu.sg/school-information/moe-kindergarten,www.mayflowerpri.moe.edu.sg,1,school_specific_candidate,not_verified,https://www.mayflowerpri.moe.edu.sg/school-information/moe-kindergarten,
CENTRE:ST0257,PCF Sparkletots Preschool @ Changi Simei Blk 131 (KN),520131,https://www.pcf.org.sg/sparkletots,www.pcf.org.sg,333,shared_operator_page_candidate,not_verified,https://www.pcf.org.sg/sparkletots,
CENTRE:RC1040,KIDZ MEADOW CHILDCARE & DEVELOPMENT CENTRE (WOODLANDS),730874,,,0,unavailable,unavailable,,
CENTRE:KM0038,MOE Kindergarten @ Jurong West,648368,https://www.jurongwestpri.moe.edu.sg/mk-jurong-west/mk,www.jurongwestpri.moe.edu.sg,1,school_specific_candidate,not_verified,https://www.jurongwestpri.moe.edu.sg/mk-jurong-west/mk,
CENTRE:PT9196,MULBERRY LEARNING CENTRE ALEXANDRA PTE LTD,159506,,,0,unavailable,unavailable,,
CENTRE:PT9204,NOBLELAND ARTS N LEARNING PLACE @PUNGGOL PTE. LTD.,820261,https://www.nobleland.sg/,www.nobleland.sg,5,shared_operator_page_candidate,not_verified,https://www.nobleland.sg/,
CENTRE:PT8783,STAR LEARNERS @ BISHAN PTE. LTD.,570114,https://starlearners.com.sg/our-centres/bishan,starlearners.com.sg,1,school_specific_candidate,not_verified,https://starlearners.com.sg/our-centres/bishan,
CENTRE:EB0008,E-BRIDGE PRE-SCHOOL PTE. LTD.,370017,https://info.e-bridge.edu.sg/registration-of-interest,info.e-bridge.edu.sg,23,shared_operator_page_candidate,not_verified,https://info.e-bridge.edu.sg/registration-of-interest,
CENTRE:RC1530,IYAD PERDAUS CHILD DEVELOPMENT,680417,https://www.iyadperdaus.sg/,www.iyadperdaus.sg,2,shared_operator_page_candidate,not_verified,https://www.iyadperdaus.sg/,
CENTRE:RC0820,IYAD PERDAUS CHILD DEVELOPMENT,600241,http://www.iyadperdaus.sg/,www.iyadperdaus.sg,1,school_specific_candidate,not_verified,http://www.iyadperdaus.sg/,
CENTRE:PT9788,MULBERRY LEARNING  CENTRE @ SIXTH AVENUE PTE. LTD.,267551,https://sixthavenue.mulberrylearning.com/,sixthavenue.mulberrylearning.com,1,school_specific_candidate,not_verified,https://sixthavenue.mulberrylearning.com/,
CENTRE:PT9092,CAVENUR EARLY LEARNING CENTRE PTE LTD,521882,,,0,unavailable,unavailable,,
CENTRE:PT8831,JUDE CHILD CARE AND CHILD DEVELOPMENT CENTRE,510104,,,0,unavailable,unavailable,,
CENTRE:RC1877,Little Seeds Preschool,267828,https://www.littleseeds.edu.sg/,www.littleseeds.edu.sg,15,shared_operator_page_candidate,not_verified,https://www.littleseeds.edu.sg/,
CENTRE:RC1899,Blue Lion Preschool,425542,https://www.bluelionpreschool.org/,www.bluelionpreschool.org,1,school_specific_candidate,not_verified,https://www.bluelionpreschool.org/,
CENTRE:PT9280,MAPLEBEAR KIDS' KINGDOM PTE. LTD.,427664,,,0,unavailable,unavailable,,
CENTRE:KM0049,MOE Kindergarten @ Princess Elizabeth,659163,,,0,unavailable,unavailable,,
CENTRE:SK0010,Skool4Kidz Preschool,768866,https://www.skool4kidz.com.sg/,www.skool4kidz.com.sg,1,school_specific_candidate,not_verified,https://www.skool4kidz.com.sg/,
CENTRE:EB0025,E-Bridge Pre-School Pte Ltd,520633,https://www.e-bridge.edu.sg/,www.e-bridge.edu.sg,8,shared_operator_page_candidate,not_verified,https://www.e-bridge.edu.sg/ | https://info.e-bridge.edu.sg/registration-of-interest,
CENTRE:PT9112,Little Greenhouse @ Sembawang Pte Ltd,750511,https://www.littlegreenhouse.com.sg/,www.littlegreenhouse.com.sg,14,shared_operator_page_candidate,not_verified,https://www.littlegreenhouse.com.sg/,
CENTRE:PT9690,IMAN KINDERGARTEN (CCK) PTE LTD,680530,https://www.iman.edu.sg/centres,www.iman.edu.sg,7,shared_operator_page_candidate,not_verified,https://www.iman.edu.sg/centres,
CENTRE:ST0321,PCF Sparkletots Preschool @ Bukit Panjang Blk 111 (EY),670111,https://www.pcf.org.sg/sparkletots,www.pcf.org.sg,333,shared_operator_page_candidate,not_verified,https://www.pcf.org.sg/sparkletots,
CENTRE:PT2130,KIDS AND KINS CHILD CARE CENTRE,568179,https://www.kidsandkins.sg/,www.kidsandkins.sg,1,school_specific_candidate,not_verified,https://www.kidsandkins.sg/,
CENTRE:PT9473,PEGASUS INTERNATIONAL PRESCHOOL PTE LTD,219248,https://www.pips.com.sg/,www.pips.com.sg,1,school_specific_candidate,not_verified,https://www.pips.com.sg/,
CENTRE:SK0005,Skool4Kidz Preschool,673636,https://skool4kidz.com.sg/,skool4kidz.com.sg,28,shared_operator_page_candidate,not_verified,https://skool4kidz.com.sg/,
CENTRE:PT9826,GATE Junior Preschool,239926,https://www.gatejunior.com/,www.gatejunior.com,2,shared_operator_page_candidate,not_verified,https://www.gatejunior.com/,
CENTRE:PT8706,MULBERRY LEARNING CENTRE INTERNATIONAL PTE. LTD.,609921,,,0,unavailable,unavailable,,
CENTRE:PT9326,STAR LEARNERS @ GAMBAS PTE LTD,757087,https://starlearners.com.sg/our-centres/gambas,starlearners.com.sg,1,school_specific_candidate,not_verified,https://starlearners.com.sg/our-centres/gambas,
CENTRE:PT8456,Mulberry Learning Centre @ Kovan Pte Ltd,546871,https://www.mulberrylearning.com/,www.mulberrylearning.com,4,shared_operator_page_candidate,not_verified,https://www.mulberrylearning.com/,
CENTRE:PT9883,Mulberry Learning Centre @ Tai Seng Pte.Ltd.,367904,,,0,unavailable,unavailable,,
CENTRE:PT8791,MapleBear Jurong Lakeside,618593,,,0,unavailable,unavailable,,
CENTRE:PT9086,LITTLE GREENHOUSE @ RIVERVALE WK PTE LTD,544122,https://www.littlegreenhouse.com.sg/,www.littlegreenhouse.com.sg,14,shared_operator_page_candidate,not_verified,https://www.littlegreenhouse.com.sg/,
CENTRE:PT8974,LITTLE GREENHOUSE @ TAMPINES PTE. LTD.,520707,https://www.littlegreenhouse.com.sg/,www.littlegreenhouse.com.sg,14,shared_operator_page_candidate,not_verified,https://www.littlegreenhouse.com.sg/,
CENTRE:PT8939,LITTLE GREENHOUSE @ WOODLANDS PTE. LTD.,730161,https://www.littlegreenhouse.com.sg/,www.littlegreenhouse.com.sg,14,shared_operator_page_candidate,not_verified,https://www.littlegreenhouse.com.sg/,
CENTRE:PT9056,LITTLE GREENHOUSE @ JW 502 PTE. LTD.,640502,https://www.littlegreenhouse.com.sg/,www.littlegreenhouse.com.sg,14,shared_operator_page_candidate,not_verified,https://www.littlegreenhouse.com.sg/,
CENTRE:PT8774,LITTLE GREENHOUSE CHILDCARE & DEVELOPMENT PTE. LTD.,760832,https://www.littlegreenhouse.com.sg/,www.littlegreenhouse.com.sg,14,shared_operator_page_candidate,not_verified,https://www.littlegreenhouse.com.sg/,
CENTRE:PT8412,LITTLE GREENHOUSE @ BUKIT BATOK PTE LTD,650373,https://www.littlegreenhouse.com/,www.littlegreenhouse.com,1,school_specific_candidate,not_verified,https://www.littlegreenhouse.com/ | https://www.littlegreenhouse.com.sg/,
CENTRE:PT8863,Shooting Star Preschool @Punggol Pte. Ltd.,822274,https://www.littlemightyme.sg/,www.littlemightyme.sg,1,school_specific_candidate,not_verified,https://www.littlemightyme.sg/ | https://shootingstar.sg/,
CENTRE:PT8762,Shooting Star Preschool Pte Ltd,570305,https://shootingstar.sg/,shootingstar.sg,2,shared_operator_page_candidate,not_verified,https://shootingstar.sg/,
CENTRE:PT9728,MapleBear Lighthouse Pte Ltd,805939,https://www.maplebear.sg/yiochukang,www.maplebear.sg,1,school_specific_candidate,not_verified,https://www.maplebear.sg/yiochukang,
CENTRE:RC1866,ZION BISHAN KINDERCARE LTD,579792,https://www.zbk.edu.sg/,www.zbk.edu.sg,1,school_specific_candidate,not_verified,https://www.zbk.edu.sg/,
CENTRE:RC0600,THE MORAL CHILDCARE CENTRE,650415,https://www.themoralchildcare.org/,www.themoralchildcare.org,1,school_specific_candidate,not_verified,https://www.themoralchildcare.org/,
CENTRE:PT9433,MAPLEBEAR DISCOVERY PTE LTD,600134,https://www.maplebear.sg/juronggateway,www.maplebear.sg,1,school_specific_candidate,not_verified,https://www.maplebear.sg/juronggateway,
CENTRE:PT6950,RAFFLES HOUSE PRESCHOOL PTE LTD,309007,https://raffleshouse.com/,raffleshouse.com,1,school_specific_candidate,not_verified,https://raffleshouse.com/,
CENTRE:PT9481,MLK EDUCATION PTE. LTD.,128020,https://mylittlekingdom.com.sg/,mylittlekingdom.com.sg,1,school_specific_candidate,not_verified,https://mylittlekingdom.com.sg/,
CENTRE:PT7880,LITTLE GREENHOUSE @ S540 PTE LTD,550540,https://www.littlegreenhouse.com.sg/,www.littlegreenhouse.com.sg,14,shared_operator_page_candidate,not_verified,https://www.littlegreenhouse.com.sg/,
CENTRE:PT9193,LES PETITS GAULOIS PTE. LTD.,459098,https://www.lespetitsgaulois.com/,www.lespetitsgaulois.com,1,school_specific_candidate,not_verified,https://www.lespetitsgaulois.com/,
CENTRE:KM0058,MOE Kindergarten @ Hougang,534238,https://www.hougangpri.moe.edu.sg/,www.hougangpri.moe.edu.sg,1,school_specific_candidate,not_verified,https://www.hougangpri.moe.edu.sg/ | https://www.hougangpri.moe.edu.sg/mkhougang,
CENTRE:PT8547,Sunshine Kids Learning Haven @Tampines Pte Ltd,524493,https://www.sunshinekids.com.sg/,www.sunshinekids.com.sg,2,shared_operator_page_candidate,not_verified,https://www.sunshinekids.com.sg/,
CENTRE:PT9877,RAFFLES KIDZ @ YISHUN,768923,https://www.raffleskidz.com/,www.raffleskidz.com,7,shared_operator_page_candidate,not_verified,https://www.raffleskidz.com/,
CENTRE:PT8731,RAFFLES KIDZ @ BUKIT PANJANG PTE. LTD.,669682,https://www.raffleskidz.com/,www.raffleskidz.com,7,shared_operator_page_candidate,not_verified,https://www.raffleskidz.com/,
CENTRE:PT9004,Raffles Kidz @ Yio Chu Kang,806014,https://www.raffleskidz.com/,www.raffleskidz.com,7,shared_operator_page_candidate,not_verified,https://www.raffleskidz.com/,
CENTRE:PT9435,RAFFLES KIDZ @ ANG MO KIO,567708,https://www.raffleskidz.com/,www.raffleskidz.com,7,shared_operator_page_candidate,not_verified,https://www.raffleskidz.com/,
CENTRE:PT9876,RAFFLES KIDZ @ SURBANA JURONG,636741,https://www.raffleskidz.com/,www.raffleskidz.com,7,shared_operator_page_candidate,not_verified,https://www.raffleskidz.com/,
CENTRE:KM0031,MOE Kindergarten @ Greendale,828848,https://www.greendalepri.moe.edu.sg/,www.greendalepri.moe.edu.sg,1,school_specific_candidate,not_verified,https://www.greendalepri.moe.edu.sg/,
CENTRE:PT8799,CARPE DIEM SPRINGS PTE. LTD.,80108,https://www.carpediem.com.sg/,www.carpediem.com.sg,15,shared_operator_page_candidate,not_verified,https://www.carpediem.com.sg/,
CENTRE:EB0011,E-BRIDGE PRE-SCHOOL PTE LTD,532365,https://info.e-bridge.edu.sg/registration-of-interest,info.e-bridge.edu.sg,23,shared_operator_page_candidate,not_verified,https://info.e-bridge.edu.sg/registration-of-interest,
CENTRE:PT2070,Julia Gabriel Preschool Thomson,298135,https://www.juliagabriel.com/,www.juliagabriel.com,1,school_specific_candidate,not_verified,https://www.juliagabriel.com/,
CENTRE:KM0027,MOE KINDERGARTEN @ Naval Base,769028,https://www.navalbasepri.moe.edu.sg/mk-at-nbps/welcomevideo,www.navalbasepri.moe.edu.sg,1,school_specific_candidate,not_verified,https://www.navalbasepri.moe.edu.sg/mk-at-nbps/welcomevideo,
CENTRE:PT9929,Mulberry Learning Centre @ Bishan,577178,https://www.facebook.com/mulberrybishan,www.facebook.com,1,social_page_candidate,not_verified,https://www.facebook.com/mulberrybishan,
CENTRE:PT9430,CHERRY KIDZ MONTESSORI CHILDCARE LLP,760239,https://www.cherrykidzcc.com/,www.cherrykidzcc.com,1,school_specific_candidate,not_verified,https://www.cherrykidzcc.com/,
CENTRE:KM0057,MOE Kindergarten @ Elias Park,518866,https://www.eliasparkpri.moe.edu.sg/,www.eliasparkpri.moe.edu.sg,1,school_specific_candidate,not_verified,https://www.eliasparkpri.moe.edu.sg/,
CENTRE:PT9259,MindChamps PreSchool @ Punggol Digital District,829911,https://www.mindchamps.org/,www.mindchamps.org,4,shared_operator_page_candidate,not_verified,https://www.mindchamps.org/,
CENTRE:PT9200,Lillipods North View,768090,https://www.lillipodspreschool.sg/,www.lillipodspreschool.sg,2,shared_operator_page_candidate,not_verified,https://www.lillipodspreschool.sg/,
CENTRE:PT3640,The Gardner Preschool,425500,https://www.thegardnerpreschool.com.sg/,www.thegardnerpreschool.com.sg,1,school_specific_candidate,not_verified,https://www.thegardnerpreschool.com.sg/,
CENTRE:PT9428,MAPLEBEAR LEARNING GARDEN PTE LTD,138639,https://www.maplebear.sg/rochester,www.maplebear.sg,1,school_specific_candidate,not_verified,https://www.maplebear.sg/rochester,
CENTRE:PT9031,Small Wonder Preschool Ubi,400306,,,0,unavailable,unavailable,,
CENTRE:KM0029,MOE Kindergarten @ Valour,828728,https://www.valourpri.moe.edu.sg/moe-kindergarten/moe-kindergarten-at-valour,www.valourpri.moe.edu.sg,1,school_specific_candidate,not_verified,https://www.valourpri.moe.edu.sg/moe-kindergarten/moe-kindergarten-at-valour,
CENTRE:PT5400,Julia Gabriel Preschool Keppel Bay,98382,https://preschool.juliagabriel.com/,preschool.juliagabriel.com,1,school_specific_candidate,not_verified,https://preschool.juliagabriel.com/,
CENTRE:EB0016,E-BRIDGE PRE-SCHOOL PTE LTD,100092,https://info.e-bridge.edu.sg/registration-of-interest,info.e-bridge.edu.sg,23,shared_operator_page_candidate,not_verified,https://info.e-bridge.edu.sg/registration-of-interest,
CENTRE:PT9429,SUPERLAND PRE-SCHOOL (PL) PTE. LTD.,408600,https://www.superland.com.sg/,www.superland.com.sg,16,shared_operator_page_candidate,not_verified,https://www.superland.com.sg/,
CENTRE:EB0019,E-Bridge Pre-School Pte Ltd,751126,https://info.e-bridge.edu.sg/registration-of-interest,info.e-bridge.edu.sg,23,shared_operator_page_candidate,not_verified,https://info.e-bridge.edu.sg/registration-of-interest,
CENTRE:KM0054,MOE Kindergarten @ South View,689762,https://www.southviewpri.moe.edu.sg/welcome,www.southviewpri.moe.edu.sg,1,school_specific_candidate,not_verified,https://www.southviewpri.moe.edu.sg/welcome | https://moe-southviewpri-staging.netlify.app/,
CENTRE:PT9900,MapleBear Kids Campus Pte Ltd,535821,,,0,unavailable,unavailable,,
CENTRE:PT4530,Appleland Playhouse Pte Ltd,103104,https://www.applelandplayhouse.com/,www.applelandplayhouse.com,1,school_specific_candidate,not_verified,https://www.applelandplayhouse.com/,
CENTRE:RC1870,Calvary Pandan Kindergarten,609337,http://cpk.calvarypandan.sg/,cpk.calvarypandan.sg,1,school_specific_candidate,not_verified,http://cpk.calvarypandan.sg/,
CENTRE:PT9642,LITTLESPARKS MONTESSORI AND ENRICHMENT CENTRE PTE LTD,456192,https://www.littlesparks.com.sg/,www.littlesparks.com.sg,1,school_specific_candidate,not_verified,https://www.littlesparks.com.sg/,
CENTRE:PT9349,MAPLEBEAR EXPLORERS PTE. LTD.,787502,,,0,unavailable,unavailable,,
CENTRE:PT3740,LITTLE TREASURES CHILDCARE @ HOUGANG PTE.LTD.,530926,https://www.littletreasures.com.sg/,www.littletreasures.com.sg,3,shared_operator_page_candidate,not_verified,https://www.littletreasures.com.sg/,
CENTRE:PT7650,Greenery Childcare Centre,680483,https://greenerychildcare.sg/,greenerychildcare.sg,1,school_specific_candidate,not_verified,https://greenerychildcare.sg/,
CENTRE:PT9241,GREENLAND CHILDCARE @ PUNGGOL PTE LTD,821308,http://www.greenlandchildcare.com/,www.greenlandchildcare.com,2,shared_operator_page_candidate,not_verified,http://www.greenlandchildcare.com/,
CENTRE:EB0031,E-Bridge Pre-School Pte Ltd,360221,https://www.e-bridge.edu.sg/,www.e-bridge.edu.sg,8,shared_operator_page_candidate,not_verified,https://www.e-bridge.edu.sg/,
CENTRE:RC1859,KHALSA KINDERGARTEN,217646,https://www.singaporekhalsa.org.sg/,www.singaporekhalsa.org.sg,1,school_specific_candidate,not_verified,https://www.singaporekhalsa.org.sg/,
CENTRE:PT8965,Children's Cove Preschool Pasir Ris Pte Ltd,510443,https://childrenscove.sg/schools/pasir-ris,childrenscove.sg,1,school_specific_candidate,not_verified,https://childrenscove.sg/schools/pasir-ris,
CENTRE:ST0330,PCF Sparkletots Preschool @ Keat Hong Blk 411 (DS),680411,https://www.pcf.org.sg/sparkletots,www.pcf.org.sg,333,shared_operator_page_candidate,not_verified,https://www.pcf.org.sg/sparkletots,
CENTRE:RC1767,NEW LIFE COMMUNITY SERVICES,730580,,,0,unavailable,unavailable,,
CENTRE:PT8817,APRICOT ACADEMY (LAGUNA) PTE. LTD.,449290,https://www.apricotacademy.com/,www.apricotacademy.com,1,school_specific_candidate,not_verified,https://www.apricotacademy.com/,
CENTRE:RC0740,CHINESE CHRISTIAN MISSION LIMITED,650108,,,0,unavailable,unavailable,,
CENTRE:PT9021,Little Footprints Preschool Group Pte Ltd,610350,https://www.littlefootprints.edu.sg/,www.littlefootprints.edu.sg,37,shared_operator_page_candidate,not_verified,https://www.littlefootprints.edu.sg/,
CENTRE:EB0030,E-Bridge Pre-School Pte Ltd,523961,https://www.e-bridge.edu.sg/,www.e-bridge.edu.sg,8,shared_operator_page_candidate,not_verified,https://www.e-bridge.edu.sg/,
CENTRE:PT9864,Nurturestars Preschool,689964,https://nurturestars.sg/,nurturestars.sg,1,school_specific_candidate,not_verified,https://nurturestars.sg/,
CENTRE:KM0040,MOE KINDERGARTEN @ JING SHAN,569228,https://jingshanpri.moe.edu.sg/,jingshanpri.moe.edu.sg,1,school_specific_candidate,not_verified,https://jingshanpri.moe.edu.sg/,
CENTRE:PT9243,LITTLE FOOTPRINTS PRESCHOOL PTE. LTD.,329857,https://www.littlefootprints.edu.sg/,www.littlefootprints.edu.sg,37,shared_operator_page_candidate,not_verified,https://www.littlefootprints.edu.sg/,
CENTRE:KM0003,MOE KINDERGARTEN @ FARRER PARK,217567,https://www.farrerparkpri.moe.edu.sg/moe-kindergarten/overview,www.farrerparkpri.moe.edu.sg,1,school_specific_candidate,not_verified,https://www.farrerparkpri.moe.edu.sg/moe-kindergarten/overview,
CENTRE:PT8867,CARPE DIEM KIDZ PLAYHOUSE PTE. LTD.,759791,https://www.carpediem.com.sg/,www.carpediem.com.sg,15,shared_operator_page_candidate,not_verified,https://www.carpediem.com.sg/,
CENTRE:PT8976,Tinkerland @ Tanah Merah,488730,https://www.sdmtinkerland.sg/,www.sdmtinkerland.sg,1,school_specific_candidate,not_verified,https://www.sdmtinkerland.sg/,
CENTRE:PT9297,MAPLEBEAR SMARTCUBS PTE. LTD.,339407,,,0,unavailable,unavailable,,
CENTRE:RC1739,SGM LITTLE KIDZ @ RIVERVALE,543188,,,0,unavailable,unavailable,,
CENTRE:PT9231,MAPLE BEAR PLAYHOUSE PTE. LTD.,159948,https://www.maplebear.sg/alexandra,www.maplebear.sg,1,school_specific_candidate,not_verified,https://www.maplebear.sg/alexandra,
CENTRE:KM0048,MOE Kindergarten @ Temasek,469300,https://www.temasekpri.moe.edu.sg/moe-kindergarten/about-us/our-vision-and-mission,www.temasekpri.moe.edu.sg,1,school_specific_candidate,not_verified,https://www.temasekpri.moe.edu.sg/moe-kindergarten/about-us/our-vision-and-mission,
CENTRE:PT9117,Small Wonder Preschool Anchorvale,542327,,,0,unavailable,unavailable,,
CENTRE:PT9286,MAPLEBEAR SMART LEARNERS PTE LTD,554360,https://www.maplebear.sg/,www.maplebear.sg,8,shared_operator_page_candidate,not_verified,https://www.maplebear.sg/,
CENTRE:PT9880,NAFA Arts Preschool (Luzerne Campus),339940,https://prechool.nafa.edu.sg/,prechool.nafa.edu.sg,1,school_specific_candidate,not_verified,https://prechool.nafa.edu.sg/,
CENTRE:PT9418,Kinderland Preschool (Sunshine Place),680475,,,0,unavailable,unavailable,,
CENTRE:PT9499,Kinderland Preschool (Woodlands Mart),730768,,,0,unavailable,unavailable,,
CENTRE:PT9115,HUDA CHILDCARE (WOODLANDS11) PTE. LTD.,737853,,,0,unavailable,unavailable,,
CENTRE:PT9846,Bright Sparks Infant Care Pte. Ltd,730851,https://brightspark.sg/,brightspark.sg,2,shared_operator_page_candidate,not_verified,https://brightspark.sg/,
CENTRE:PT9110,BRIGHT SPARKS CHILDCARE LLP,730401,,,0,unavailable,unavailable,,
CENTRE:ST0152,PCF Sparkletots Preschool @ Zhenghua Blk 550B (EY),672550,https://www.pcf.org.sg/sparkletots,www.pcf.org.sg,333,shared_operator_page_candidate,not_verified,https://www.pcf.org.sg/sparkletots,
CENTRE:PT9077,LITTLE TREE HOUSE @ HOUGANG PTE. LTD.,537727,http://www.littletreehouse.com.sg/,www.littletreehouse.com.sg,1,school_specific_candidate,not_verified,http://www.littletreehouse.com.sg/,
CENTRE:PT9308,Little Kinder Montessori @ Marymount Pte Ltd,577177,https://www.littlekindermontessori.com/,www.littlekindermontessori.com,5,shared_operator_page_candidate,not_verified,https://www.littlekindermontessori.com/,
CENTRE:PT3300,LITTLE GREENHOUSE @ S553 PTE LTD,550553,https://www.littlegreenhouse.com.sg/,www.littlegreenhouse.com.sg,14,shared_operator_page_candidate,not_verified,https://www.littlegreenhouse.com.sg/,
CENTRE:PT9214,PARIPOSA PTE LTD,596709,https://www.pariposapreschool.com/,www.pariposapreschool.com,1,school_specific_candidate,not_verified,https://www.pariposapreschool.com/,
CENTRE:PT9107,TWINKLEKIDZ PLAYHOUSE PTE. LTD.,319579,https://www.twinklekidz.com/,www.twinklekidz.com,4,shared_operator_page_candidate,not_verified,https://www.twinklekidz.com/,
CENTRE:PT9820,KINDERLAND PRESCHOOL,69111,,,0,unavailable,unavailable,,
CENTRE:PT8748,SUNFLOWER PRESCHOOL @ UBI PTE. LTD.,400306,https://www.sunflowerkid.com/,www.sunflowerkid.com,26,shared_operator_page_candidate,not_verified,https://www.sunflowerkid.com/,
CENTRE:PT9105,Sunflower Preschool @ Rivervale,540145,,,0,unavailable,unavailable,,
CENTRE:PT8572,LITTLE FOOTPRINTS PRESCHOOL PTE. LTD.,347931,https://littlefootprints.edu.sg/,littlefootprints.edu.sg,10,shared_operator_page_candidate,not_verified,https://littlefootprints.edu.sg/,
CENTRE:PT8539,LITTLE FOOTPRINTS PRESCHOOL PTE. LTD.,640721,https://www.littlefootprints.edu.sg/,www.littlefootprints.edu.sg,37,shared_operator_page_candidate,not_verified,https://www.littlefootprints.edu.sg/,
CENTRE:PT9090,Little Footprints Preschool Pte Ltd,470743,https://www.littlefootprints.edu.sg/,www.littlefootprints.edu.sg,37,shared_operator_page_candidate,not_verified,https://www.littlefootprints.edu.sg/,
CENTRE:PT9017,Little Footprints Preschool Pte Ltd,680533,https://www.littlefootprints.edu.sg/,www.littlefootprints.edu.sg,37,shared_operator_page_candidate,not_verified,https://www.littlefootprints.edu.sg/,
CENTRE:RC1470,KIDZ MEADOW CHILDCARE & DEVELOPMENT CENTRE (YEW TEE),680612,,,0,unavailable,unavailable,,
CENTRE:PT9903,ARTEMIS PRESKOOL @ WISTERIA MALL,768698,https://artemispreskool.com/contact,artemispreskool.com,7,shared_operator_page_candidate,not_verified,https://artemispreskool.com/contact,
CENTRE:PT9904,ARTEMIS PRESKOOL @ WEST COAST,120801,https://artemispreskool.com/contact,artemispreskool.com,7,shared_operator_page_candidate,not_verified,https://artemispreskool.com/contact,
CENTRE:PT9908,Artemis Preskool @ Bukit Panjang,670256,https://artemispreskool.com/contact,artemispreskool.com,7,shared_operator_page_candidate,not_verified,https://artemispreskool.com/contact,
CENTRE:PT6510,ELFA PRESCHOOL,530202,https://elfapreschools.com/,elfapreschools.com,2,shared_operator_page_candidate,not_verified,https://elfapreschools.com/,
CENTRE:PT9095,Small Wonder Preschool Jurong West,643667,https://smallwonderpreschool.com/,smallwonderpreschool.com,9,shared_operator_page_candidate,not_verified,https://smallwonderpreschool.com/,
CENTRE:PT9067,SMALL WONDER PRESCHOOL YISHUN (ADORA GREEN),761348,,,0,unavailable,unavailable,,
CENTRE:PT9066,Small Wonder Preschool Punggol,821211,https://smallwonderpreschool.com/,smallwonderpreschool.com,9,shared_operator_page_candidate,not_verified,https://smallwonderpreschool.com/,
CENTRE:PT8568,Small Wonder Preschool Taman Jurong,610399,https://www.justkids.com.sg/,www.justkids.com.sg,1,school_specific_candidate,not_verified,https://www.justkids.com.sg/,
CENTRE:PT8350,Small Wonder Preschool Marine Parade,440050,https://www.smallwonderpreschool.com/,www.smallwonderpreschool.com,5,shared_operator_page_candidate,not_verified,https://www.smallwonderpreschool.com/,
CENTRE:PT9490,Small Wonder Preschool Tampines North,521609,,,0,unavailable,unavailable,,
CENTRE:PT8848,LITTLE TREASURES CHILDCARE(WOODLANDS) PTE. LIMITED,730848,https://www.littletreasures.com.sg/,www.littletreasures.com.sg,3,shared_operator_page_candidate,not_verified,https://www.littletreasures.com.sg/,
CENTRE:PT9340,LITTLE FOOTPRINTS PRESCHOOL ASIA PTE. LTD.,683805,https://littlefootprints.edu.sg/,littlefootprints.edu.sg,10,shared_operator_page_candidate,not_verified,https://littlefootprints.edu.sg/,
CENTRE:PT5530,EQ EDUCARE PTE LTD,680309,https://kinderland.com.sg/,kinderland.com.sg,1,school_specific_candidate,not_verified,https://kinderland.com.sg/,
CENTRE:ST0409,PCF Sparkletots Preschool @ Sembawang Central Blk 378 (CC),760378,https://www.pcf.org.sg/sparkletots,www.pcf.org.sg,333,shared_operator_page_candidate,not_verified,https://www.pcf.org.sg/sparkletots,
CENTRE:PT8672,STAR LEARNERS @ BUKIT BATOK PTE. LTD.,650501,https://starlearners.com.sg/our-centres/bukit-batok,starlearners.com.sg,1,school_specific_candidate,not_verified,https://starlearners.com.sg/our-centres/bukit-batok,
CENTRE:RC1857,Marymount Preschool,319253,https://mp.goodshepherdmarymount.edu.sg/,mp.goodshepherdmarymount.edu.sg,1,school_specific_candidate,not_verified,https://mp.goodshepherdmarymount.edu.sg/,
CENTRE:EB0027,E-Bridge Pre-School Pte Ltd,692131,https://www.e-bridge.edu.sg/,www.e-bridge.edu.sg,8,shared_operator_page_candidate,not_verified,https://www.e-bridge.edu.sg/,
CENTRE:EB0005,E-BRIDGE PRE-SCHOOL PTE. LTD.,753592,,,0,unavailable,unavailable,,
CENTRE:RC0030,BETHEL DAY CARE CENTRE,359110,https://betheldaycarecentre.org/,betheldaycarecentre.org,1,school_specific_candidate,not_verified,https://betheldaycarecentre.org/,
CENTRE:PT9444,HARMONI PRESKOOL @ YISHUN PTE LTD,760676,https://www.greenlandchildcare.com/contact,www.greenlandchildcare.com,5,shared_operator_page_candidate,not_verified,https://www.greenlandchildcare.com/contact,
CENTRE:PT6370,MULBERRY LEARNING CENTRE @ EAST COAST PTE. LTD.,466497,,,0,unavailable,unavailable,,
CENTRE:ST0183,PCF SPARKLETOTS PRESCHOOL @ KAMPONG CHAI CHEE BLK 409 (EY),460409,https://www.pcf.org.sg/sparkletots,www.pcf.org.sg,333,shared_operator_page_candidate,not_verified,https://www.pcf.org.sg/sparkletots,
CENTRE:WP0330,Learning Vision Nanyang Polytechnic,569830,https://www.learningvision.com/,www.learningvision.com,6,shared_operator_page_candidate,not_verified,https://www.learningvision.com/,
CENTRE:PT9837,Small Wonder Preschool Chong Pang (Yishun Avenue 5),761701,https://smallwonderpreschool.com/,smallwonderpreschool.com,9,shared_operator_page_candidate,not_verified,https://smallwonderpreschool.com/,
CENTRE:PT9491,Brighton Montessori Kovan,547227,,,0,unavailable,unavailable,,
CENTRE:PT9362,Brighton Montessori Hillview,667970,https://www.brightonmontessori.com.sg/,www.brightonmontessori.com.sg,3,shared_operator_page_candidate,not_verified,https://www.brightonmontessori.com.sg/,
CENTRE:PT9359,Learning Vision Harbourlink Innohub (Pasir Panjang),119936,,,0,unavailable,unavailable,,
CENTRE:EB0010,E-BRIDGE PRE-SCHOOL PTE LTD,540217,https://info.e-bridge.edu.sg/registration-of-interest,info.e-bridge.edu.sg,23,shared_operator_page_candidate,not_verified,https://info.e-bridge.edu.sg/registration-of-interest,
CENTRE:RC1923,Little Olive Tree (Thomson),307584,,,0,unavailable,unavailable,,
CENTRE:PT9032,Learning Vision National University Health System,119082,https://www.learningvision.com/,www.learningvision.com,6,shared_operator_page_candidate,not_verified,https://www.learningvision.com/,
CENTRE:PT8979,Learning Vision Hwa Chong Institution,269735,https://www.learningvision.com/,www.learningvision.com,6,shared_operator_page_candidate,not_verified,https://www.learningvision.com/,
CENTRE:PT8977,SMALL WONDER PRESCHOOL POTONG PASIR,350113,,,0,unavailable,unavailable,,
CENTRE:WP0310,CREATIVE O PRESCHOOLERS' BAY,609921,https://www.creative-o.com.sg/,www.creative-o.com.sg,1,school_specific_candidate,not_verified,https://www.creative-o.com.sg/,
CENTRE:PT8636,Small Wonder Preschool Queenstown,149456,https://smallwonderpreschool.com/,smallwonderpreschool.com,9,shared_operator_page_candidate,not_verified,https://smallwonderpreschool.com/,
CENTRE:PT7970,Brighton Montessori Frankel,458235,https://www.brightonmontessori.com.sg/,www.brightonmontessori.com.sg,3,shared_operator_page_candidate,not_verified,https://www.brightonmontessori.com.sg/,
CENTRE:PT8683,Maplebear Bright Learners Pte. Ltd.,339411,https://www.maplebear.sg/kallang,www.maplebear.sg,1,school_specific_candidate,not_verified,https://www.maplebear.sg/kallang,
CENTRE:PT8980,Lorna Whiston (East Coast),440089,https://www.lornawhiston.com/,www.lornawhiston.com,5,shared_operator_page_candidate,not_verified,https://www.lornawhiston.com/,
CENTRE:RC1020,Little Olive Tree (Bethany),534965,https://www.littleolivetree.sg/bethany,www.littleolivetree.sg,1,school_specific_candidate,not_verified,https://www.littleolivetree.sg/bethany,
CENTRE:PT9791,MapleBear Joyful Woods PreSchool Pte Ltd,737853,https://www.maplebear.sg/,www.maplebear.sg,8,shared_operator_page_candidate,not_verified,https://www.maplebear.sg/,
CENTRE:PT9440,Sunflower Preschool @ Sembawang Pte. Ltd.,758407,https://www.sunflowerkid.com/,www.sunflowerkid.com,26,shared_operator_page_candidate,not_verified,https://www.sunflowerkid.com/,
CENTRE:ST0405,PCF Sparkletots Preschool @ Brickland Blk 308B (CC),692308,https://www.pcf.org.sg/sparkletots,www.pcf.org.sg,333,shared_operator_page_candidate,not_verified,https://www.pcf.org.sg/sparkletots,
CENTRE:RC1876,Muhammadiyah Kindergarten,419006,,,0,unavailable,unavailable,,
CENTRE:PT8723,RAFFLES HOUSE @ PAYA LEBAR PRIVATE LIMITED,409046,,,0,unavailable,unavailable,,
CENTRE:PT9817,Mulberry Learning Centre International Pte Ltd,820407,https://www.mulberrylearning.com/,www.mulberrylearning.com,4,shared_operator_page_candidate,not_verified,https://www.mulberrylearning.com/,
CENTRE:ST0309,PCF Sparkletots Preschool @ Nanyang Blk 934 (DS),640934,https://www.pcf.org.sg/sparkletots,www.pcf.org.sg,333,shared_operator_page_candidate,not_verified,https://www.pcf.org.sg/sparkletots,
CENTRE:PT9813,MapleBear Tree House Pte Ltd,369673,https://www.maplebear.sg/,www.maplebear.sg,8,shared_operator_page_candidate,not_verified,https://www.maplebear.sg/,
CENTRE:PT8531,PRE-SCHOOL BY-THE-PARK (DUNEARN) PTE LTD,589445,https://bythepark.com.sg/,bythepark.com.sg,1,school_specific_candidate,not_verified,https://bythepark.com.sg/,
CENTRE:PT9006,SMARTZ PLAYHOUSE PTE LTD,488718,https://www.smartzplayhouse.com.sg/,www.smartzplayhouse.com.sg,1,school_specific_candidate,not_verified,https://www.smartzplayhouse.com.sg/,
CENTRE:PT9091,Sunflower Preschool @ Bukit Batok Pte Ltd,654288,https://www.sunflowerkid.com/,www.sunflowerkid.com,26,shared_operator_page_candidate,not_verified,https://www.sunflowerkid.com/,
CENTRE:PT8443,CARPE DIEM KINDERCARE PTE. LTD.,470108,https://www.carpediem.com.sg/,www.carpediem.com.sg,15,shared_operator_page_candidate,not_verified,https://www.carpediem.com.sg/,
CENTRE:PT9721,York International River Valley,239426,,,0,unavailable,unavailable,,
CENTRE:PT8885,STAR LEARNERS @ SEMBAWANG WAY PTE. LTD.,750355,https://starlearners.com.sg/our-centres/sembawang-way,starlearners.com.sg,1,school_specific_candidate,not_verified,https://starlearners.com.sg/our-centres/sembawang-way,
CENTRE:PT9540,STAR LEARNERS @ CCK CENTRAL PTE LTD,680229,https://starlearners.com.sg/our-centres/choa-chu-kang-central,starlearners.com.sg,1,school_specific_candidate,not_verified,https://starlearners.com.sg/our-centres/choa-chu-kang-central,
CENTRE:PT9409,STAR LEARNERS @ UPPER BUKIT TIMAH PTE LTD,677781,https://starlearners.com.sg/our-centres/upper-bukit-timah,starlearners.com.sg,1,school_specific_candidate,not_verified,https://starlearners.com.sg/our-centres/upper-bukit-timah,
CENTRE:PT9152,STAR LEARNERS @ CCK SPORTS CENTRE PTE. LTD.,689236,https://starlearners.com.sg/our-centres/choa-chu-kang-sports-centre,starlearners.com.sg,1,school_specific_candidate,not_verified,https://starlearners.com.sg/our-centres/choa-chu-kang-sports-centre,
CENTRE:SK0035,SKOOL4KIDZ PRESCHOOL,521954,,,0,unavailable,unavailable,,
CENTRE:SK0009,Skool4kidz Preschool,463807,https://skool4kidz.com.sg/,skool4kidz.com.sg,28,shared_operator_page_candidate,not_verified,https://skool4kidz.com.sg/,
CENTRE:PT9821,KINDERLAND PRESCHOOL,307987,https://www.kinderland.com.sg/,www.kinderland.com.sg,7,shared_operator_page_candidate,not_verified,https://www.kinderland.com.sg/,
CENTRE:PT8879,NURTURESTARS CHILD CARE,319387,https://www.nurturestars.sg/,www.nurturestars.sg,4,shared_operator_page_candidate,not_verified,https://www.nurturestars.sg/,
CENTRE:PT5810,KINDERLAND PRESCHOOL,597627,https://www.kinderland.com.sg/,www.kinderland.com.sg,7,shared_operator_page_candidate,not_verified,https://www.kinderland.com.sg/,
CENTRE:PT1330,KINDERLAND PRESCHOOL,530202,https://www.kinderland.com.sg/,www.kinderland.com.sg,7,shared_operator_page_candidate,not_verified,https://www.kinderland.com.sg/,
CENTRE:PT9879,ELFA PRESCHOOL @ JURONG EAST,600135,https://elfapreschools.com/,elfapreschools.com,2,shared_operator_page_candidate,not_verified,https://elfapreschools.com/,
CENTRE:PT8690,Lorna Whiston (Kallang Wave),397698,https://www.lornawhiston.com/,www.lornawhiston.com,5,shared_operator_page_candidate,not_verified,https://www.lornawhiston.com/,
CENTRE:PT6560,Lorna Whiston (Hort Park),118523,https://www.lornawhiston.com/,www.lornawhiston.com,5,shared_operator_page_candidate,not_verified,https://www.lornawhiston.com/,
CENTRE:PT9079,Nest Preschool Bidadari Pte Ltd,348796,https://nestpreschool.sg/,nestpreschool.sg,4,shared_operator_page_candidate,not_verified,https://nestpreschool.sg/,
CENTRE:PT9334,BRILLIANT TOTS PTE. LTD.,640610,,,0,unavailable,unavailable,,
CENTRE:PT9921,SUPERLAND PRE-SCHOOL (CB) PTE. LTD.,18916,https://www.superland.com.sg/,www.superland.com.sg,16,shared_operator_page_candidate,not_verified,https://www.superland.com.sg/,
CENTRE:PT9763,SUPERLAND PRE-SCHOOL (RV) PTE. LTD.,238366,https://www.superland.com.sg/,www.superland.com.sg,16,shared_operator_page_candidate,not_verified,https://www.superland.com.sg/,
CENTRE:PT9891,SUPERLAND PRE-SCHOOL (HOLLAND) PTE. LTD.,275748,https://www.superland.com.sg/,www.superland.com.sg,16,shared_operator_page_candidate,not_verified,https://www.superland.com.sg/,
CENTRE:PT9257,SUPERLAND PRE-SCHOOL (UE SQUARE) PTE. LTD.,239918,https://www.superland.com.sg/,www.superland.com.sg,16,shared_operator_page_candidate,not_verified,https://www.superland.com.sg/,
CENTRE:PT9421,Little Footprints Preschool @ Boon Keng Pte Ltd,339945,https://littlefootprints.edu.sg/,littlefootprints.edu.sg,10,shared_operator_page_candidate,not_verified,https://littlefootprints.edu.sg/,
CENTRE:PT9258,LITTLE FOOTPRINTS PRESCHOOL PTE LTD,738375,https://www.littlefootprints.edu.sg/,www.littlefootprints.edu.sg,37,shared_operator_page_candidate,not_verified,https://www.littlefootprints.edu.sg/,
CENTRE:PT8990,Little Footprints Preschool Pte Ltd,408942,https://www.littlefootprints.edu.sg/,www.littlefootprints.edu.sg,37,shared_operator_page_candidate,not_verified,https://www.littlefootprints.edu.sg/,
CENTRE:PT9071,KIDDIWINKIE SCHOOLHOUSE @ NOVENA PTE. LTD.,307903,https://www.kiddiwinkie.edu.sg/,www.kiddiwinkie.edu.sg,7,shared_operator_page_candidate,not_verified,https://www.kiddiwinkie.edu.sg/,
CENTRE:PT9251,MAPLE BEAR PRESCHOOL PTE. LTD.,169634,,,0,unavailable,unavailable,,
CENTRE:PT9724,MapleBear Mediapolis,138565,https://www.maplebear.sg/mediapolis,www.maplebear.sg,1,school_specific_candidate,not_verified,https://www.maplebear.sg/mediapolis,
CENTRE:PT9651,MapleBear Gracefields Pte Ltd,248668,https://www.maplebear.sg/onetreehill,www.maplebear.sg,1,school_specific_candidate,not_verified,https://www.maplebear.sg/onetreehill,
CENTRE:PT9466,MAPLEBEAR WHIZ KIDS PTE. LTD.,228085,https://www.maplebear.sg/mtemily,www.maplebear.sg,1,school_specific_candidate,not_verified,https://www.maplebear.sg/mtemily,
CENTRE:PT9403,IMAN CHILDCARE (BUKIT BATOK) PTE LTD,650277,https://www.iman.edu.sg/centres,www.iman.edu.sg,7,shared_operator_page_candidate,not_verified,https://www.iman.edu.sg/centres,
CENTRE:PT9770,SUPERLAND PRE-SCHOOL (BT) PTE. LTD.,737713,https://www.superland.com.sg/,www.superland.com.sg,16,shared_operator_page_candidate,not_verified,https://www.superland.com.sg/,
CENTRE:PT9786,SUPERLAND PRE-SCHOOL (BT2) PTE LTD,589622,https://www.superland.com.sg/,www.superland.com.sg,16,shared_operator_page_candidate,not_verified,https://www.superland.com.sg/,
CENTRE:PT9762,SUPERLAND INTERNATIONAL PRE-SCHOOL PTE LTD,247964,https://www.superland.com.sg/,www.superland.com.sg,16,shared_operator_page_candidate,not_verified,https://www.superland.com.sg/,
CENTRE:PT9835,Lily Valley Preschool,39594,https://www.lilyvalley.com.sg/,www.lilyvalley.com.sg,1,school_specific_candidate,not_verified,https://www.lilyvalley.com.sg/,
CENTRE:ST0253,PCF Sparkletots Preschool @ Pasir Ris East Blk 426 (DS),510426,https://www.pcf.org.sg/sparkletots,www.pcf.org.sg,333,shared_operator_page_candidate,not_verified,https://www.pcf.org.sg/sparkletots,
CENTRE:ST0017,PCF Sparkletots Preschool @ Pasir Ris East Blk 412 (CC),510412,https://www.pcf.org.sg/sparkletots,www.pcf.org.sg,333,shared_operator_page_candidate,not_verified,https://www.pcf.org.sg/sparkletots,
CENTRE:SK0030,Skool4kidz Preschool,122209,https://skool4kidz.com.sg/,skool4kidz.com.sg,28,shared_operator_page_candidate,not_verified,https://skool4kidz.com.sg/,
CENTRE:RC1778,NEW LIFE COMMUNITY SERVICES,677899,https://www.newlifepreschool.sg/,www.newlifepreschool.sg,8,shared_operator_page_candidate,not_verified,https://www.newlifepreschool.sg/,
CENTRE:PT9048,STAR LEARNERS @ BEDOK PTE. LTD.,460064,https://starlearners.com.sg/our-centres/bedok,starlearners.com.sg,1,school_specific_candidate,not_verified,https://starlearners.com.sg/our-centres/bedok,
CENTRE:PT9072,STAR LEARNERS @ JURONG PTE. LTD.,609964,https://starlearners.com.sg/our-centres/jurong-east,starlearners.com.sg,1,school_specific_candidate,not_verified,https://starlearners.com.sg/our-centres/jurong-east,
CENTRE:PT9157,STAR LEARNERS @ YIO CHU KANG PTE. LTD.,560645,https://starlearners.com.sg/our-centres/yio-chu-kang,starlearners.com.sg,1,school_specific_candidate,not_verified,https://starlearners.com.sg/our-centres/yio-chu-kang,
CENTRE:PT9407,STAR LEARNERS @ TOA PAYOH PTE LTD,310259,https://starlearners.com.sg/our-centres/toa-payoh,starlearners.com.sg,1,school_specific_candidate,not_verified,https://starlearners.com.sg/our-centres/toa-payoh,
CENTRE:PT9498,Star Learners @ Telok Blangah Pte Ltd,102078,https://starlearners.com.sg/our-centres/telok-blangah,starlearners.com.sg,1,school_specific_candidate,not_verified,https://starlearners.com.sg/our-centres/telok-blangah,
CENTRE:PT7310,LITTLE TALENT CHILDCARE CENTRE PTE. LTD.,640420,https://www.facebook.com/littletalentcc,www.facebook.com,1,social_page_candidate,not_verified,https://www.facebook.com/littletalentcc,
CENTRE:PT7120,CHERIE HEARTS @ CHARLTON PTE LTD,539643,https://www.cherieheartscharlton.com.sg/,www.cherieheartscharlton.com.sg,1,school_specific_candidate,not_verified,https://www.cherieheartscharlton.com.sg/,
CENTRE:PT8782,CHERIE HEARTS NURTURELOFT PTE. LTD.,573960,https://www.cheriehearts.com.sg/,www.cheriehearts.com.sg,1,school_specific_candidate,not_verified,https://www.cheriehearts.com.sg/,
CENTRE:PT9431,CHERRYBROOK PRESCHOOL FARRER,266774,,,0,unavailable,unavailable,,
CENTRE:PT9528,CHERRYBROOK PRESCHOOL EAST COAST PTE. LTD.,457127,,,0,unavailable,unavailable,,
CENTRE:PT9213,CHERRYBROOK PRESCHOOL THOMSON PTE. LTD.,576416,https://www.cherrybrook.edu.sg/,www.cherrybrook.edu.sg,1,school_specific_candidate,not_verified,https://www.cherrybrook.edu.sg/,
CENTRE:PT8859,SUNFLOWER PRESCHOOL @ PASIR RIS PTE. LTD.,510472,https://www.sunflowerkid.com/,www.sunflowerkid.com,26,shared_operator_page_candidate,not_verified,https://www.sunflowerkid.com/,
CENTRE:PT9501,SUNFLOWER PRESCHOOL @ BEDOK SOUTH PTE LTD,460159,,,0,unavailable,unavailable,,
CENTRE:PT7140,Character Montessori AMK,560161,https://cm-preschool.com/,cm-preschool.com,1,school_specific_candidate,not_verified,https://cm-preschool.com/,
CENTRE:ST0349,PCF Sparkletots Preschool @ Chong Pang Blk 122 (CC),760122,https://www.pcf.org.sg/sparkletots,www.pcf.org.sg,333,shared_operator_page_candidate,not_verified,https://www.pcf.org.sg/sparkletots,
CENTRE:PT9701,Little Footprints Preschool Pte Ltd,640976,https://www.littlefootprints.edu.sg/,www.littlefootprints.edu.sg,37,shared_operator_page_candidate,not_verified,https://www.littlefootprints.edu.sg/,
CENTRE:PT9272,Little Footprints Preschool Group Pte Ltd,600248,https://www.littlefootprints.edu.sg/,www.littlefootprints.edu.sg,37,shared_operator_page_candidate,not_verified,https://www.littlefootprints.edu.sg/,
CENTRE:PT9020,Little Footprints Preschool Group Pte Ltd,644660,https://www.littlefootprints.edu.sg/,www.littlefootprints.edu.sg,37,shared_operator_page_candidate,not_verified,https://www.littlefootprints.edu.sg/,
CENTRE:PT9012,LITTLE FOOTPRINTS PRESCHOOL PTE. LTD.,601022,https://www.littlefootprints.edu.sg/,www.littlefootprints.edu.sg,37,shared_operator_page_candidate,not_verified,https://www.littlefootprints.edu.sg/,
CENTRE:PT9520,MAPLE BEAR EDUCARE PTE. LTD.,329022,https://maplebear.sg/,maplebear.sg,3,shared_operator_page_candidate,not_verified,https://maplebear.sg/,
CENTRE:PT9778,MAPLEBEAR PLAYWORKS @CBP PTE LTD,486035,https://www.maplebear.sg/changibusinesspark,www.maplebear.sg,1,school_specific_candidate,not_verified,https://www.maplebear.sg/changibusinesspark,
CENTRE:PT9537,MAPLEBEAR JUNIORS PTE. LTD.,486046,,,0,unavailable,unavailable,,
CENTRE:PT9352,MAPLEBEAR EARLY LEARNING PTE LTD,468699,,,0,unavailable,unavailable,,
CENTRE:PT9365,MAPLEBEAR LITTLE GEMS PTE LTD,319001,,,0,unavailable,unavailable,,
CENTRE:PT9734,MapleBear Playworks Pte.Ltd.,329683,,,0,unavailable,unavailable,,
CENTRE:PT9816,Maplebear Kids Adventure Pte Ltd,419260,https://www.maplebear.sg/,www.maplebear.sg,8,shared_operator_page_candidate,not_verified,https://www.maplebear.sg/,
CENTRE:PT9524,MAPLEBEAR EARLY YEARS PTE LTD,469332,,,0,unavailable,unavailable,,
CENTRE:PT9198,MAPLEBEAR SCHOOLHOUSE PTE. LTD.,387907,,,0,unavailable,unavailable,,
CENTRE:PT9818,Kinderland Preschool,59764,https://www.kinderland.com.sg/,www.kinderland.com.sg,7,shared_operator_page_candidate,not_verified,https://www.kinderland.com.sg/,
CENTRE:PT9941,Willow Nursery,679043,,,0,unavailable,unavailable,,
CENTRE:PT8635,NURTURESTARS PTE. LTD.,98803,http://www.nurturestars.sg/,www.nurturestars.sg,2,shared_operator_page_candidate,not_verified,http://www.nurturestars.sg/,
CENTRE:PT9731,BrainFit School House Pte Ltd,329983,https://www.brainfit.com.sg/,www.brainfit.com.sg,1,school_specific_candidate,not_verified,https://www.brainfit.com.sg/,
CENTRE:PT9741,Charis Montessori @ Elim,328182,https://charis.sg/,charis.sg,1,school_specific_candidate,not_verified,https://charis.sg/,
CENTRE:PT9505,MINDCHAMPS PRESCHOOL @ NORDCOM II PTE. LIMITED,757044,,,0,unavailable,unavailable,,
CENTRE:PT8704,MINDCHAMPS PRESCHOOL @ JTC SUMMIT PTE. LTD.,609434,,,0,unavailable,unavailable,,
CENTRE:PT9188,MINDCHAMPS PRESCHOOL @ YISHUN PTE. LTD.,768090,https://www.mindchamps.org/location/yishun,www.mindchamps.org,1,school_specific_candidate,not_verified,https://www.mindchamps.org/location/yishun,
CENTRE:PT8925,MINDCHAMPS PRESCHOOL @ BISHAN PTE. LTD.,573960,http://www.mindchampspreschool.org/,www.mindchampspreschool.org,1,school_specific_candidate,not_verified,http://www.mindchampspreschool.org/,
CENTRE:PT8910,MINDCHAMPS PRESCHOOL @ JURONG WEST PTE. LTD.,648965,,,0,unavailable,unavailable,,
CENTRE:PT9760,Mindchamps Preschool @ Temasek Club Pte Ltd,588406,https://www.mindchamps.org/location/temasek-club,www.mindchamps.org,1,school_specific_candidate,not_verified,https://www.mindchamps.org/location/temasek-club,
CENTRE:PT9888,MindChamps Chinese PreSchool @ Dairy Farm,677622,,,0,unavailable,unavailable,,
CENTRE:PT8983,MindChamps Performing Arts International PreSchool @ Upper Thomson Pte Ltd,787472,,,0,unavailable,unavailable,,
CENTRE:PT9043,MINDCHAMPS PRESCHOOL @ YIO CHU KANG PTE. LTD.,569771,,,0,unavailable,unavailable,,
CENTRE:PT9253,MINDCHAMPS PS @ BUANGKOK PTE.LIMITED,554360,https://www.mindchamps.org/,www.mindchamps.org,4,shared_operator_page_candidate,not_verified,https://www.mindchamps.org/,
CENTRE:PT9907,MindChamps PreSchool @ Pasir Ris,519612,,,0,unavailable,unavailable,,
CENTRE:PT9175,MINDCHAMPS PRESCHOOL @ WEST COAST PLAZA PTE. LIMITED,127371,https://www.mindchampspreschool.org/,www.mindchampspreschool.org,4,shared_operator_page_candidate,not_verified,https://www.mindchampspreschool.org/,
CENTRE:PT8727,MINDCHAMPS PRESCHOOL @ MBC PTE. LTD.,117439,,,0,unavailable,unavailable,,
CENTRE:PT8992,MINDCHAMPS PRESCHOOL @ RIVER VALLEY PTE. LTD.,58282,,,0,unavailable,unavailable,,
CENTRE:PT9410,MINDCHAMPS PRESCHOOL@ONE RAFFLES PLACE PTE.LTD,48616,,,0,unavailable,unavailable,,
CENTRE:PT9712,AL-NASRY PRESCHOOL,520476,,,0,unavailable,unavailable,,
CENTRE:PT9725,AL-NASRY CHILDCARE PTE. LTD.,520354,,,0,unavailable,unavailable,,
CENTRE:PT8857,SUNFLOWER PRESCHOOL @ PUNGGOL FIELD PTE. LTD.,824201,https://www.sunflowerkid.com/,www.sunflowerkid.com,26,shared_operator_page_candidate,not_verified,https://www.sunflowerkid.com/,
CENTRE:PT9682,SUNFLOWER PRESCHOOL @ WEST ROCK PTE LTD,650461,https://www.sunflowerkid.com/,www.sunflowerkid.com,26,shared_operator_page_candidate,not_verified,https://www.sunflowerkid.com/,
CENTRE:PT9761,ARTEMIS PRESKOOL @ WOODLEIGH,341115,https://artemispreskool.com/contact,artemispreskool.com,7,shared_operator_page_candidate,not_verified,https://artemispreskool.com/contact,
CENTRE:PT9342,GREENLAND CHILDCARE @ SUMANG WALK PTE. LTD.,820218,https://www.greenlandchildcare.com/contact,www.greenlandchildcare.com,5,shared_operator_page_candidate,not_verified,https://www.greenlandchildcare.com/contact,
CENTRE:SK0023,Skool4Kidz Preschool,750101,https://skool4kidz.com.sg/,skool4kidz.com.sg,28,shared_operator_page_candidate,not_verified,https://skool4kidz.com.sg/,
CENTRE:ST0337,PCF Sparkletots Preschool @ Woodgrove Blk 501 (DS),730501,https://www.pcf.org.sg/sparkletots,www.pcf.org.sg,333,shared_operator_page_candidate,not_verified,https://www.pcf.org.sg/sparkletots,
CENTRE:ST0125,PCF Sparkletots Preschool @ Woodgrove Blk 571B (CC),732571,https://www.pcf.org.sg/sparkletots,www.pcf.org.sg,333,shared_operator_page_candidate,not_verified,https://www.pcf.org.sg/sparkletots,
CENTRE:ST0374,PCF Sparkletots Preschool @ Bukit Batok Blk 446 (EY),650446,https://www.pcf.org.sg/sparkletots,www.pcf.org.sg,333,shared_operator_page_candidate,not_verified,https://www.pcf.org.sg/sparkletots,
CENTRE:ST0195,PCF Sparkletots Preschool @ Bukit Batok Blk 447 (CC),650447,https://www.pcf.org.sg/sparkletots,www.pcf.org.sg,333,shared_operator_page_candidate,not_verified,https://www.pcf.org.sg/sparkletots,
CENTRE:PT8651,Twinklekidz International Schoolhouse Pte Ltd,486025,https://www.twinklekidz.com/,www.twinklekidz.com,4,shared_operator_page_candidate,not_verified,https://www.twinklekidz.com/,
CENTRE:PT9476,SAIL PLAYHOUSE PTE LTD,757046,https://www.sailplayhouse.com/,www.sailplayhouse.com,1,school_specific_candidate,not_verified,https://www.sailplayhouse.com/,
CENTRE:PT5670,KIDZMONTE CHILD DEVELOPMENT CENTRE,519497,https://www.kidzmonte.com.sg/,www.kidzmonte.com.sg,1,school_specific_candidate,not_verified,https://www.kidzmonte.com.sg/,
CENTRE:PT5560,ANGEL CARE CENTRE PTE LTD,760626,,,0,unavailable,unavailable,,
CENTRE:PT9406,AAYTOZEE LEARNING COVE PTE LTD,669915,,,0,unavailable,unavailable,,
CENTRE:PT8399,AAYTOZEE @ HILLVIEW PTE LTD,668947,https://www.aaytozee.com.sg/,www.aaytozee.com.sg,1,school_specific_candidate,not_verified,https://www.aaytozee.com.sg/,
CENTRE:PT9517,UNITED WORLD PRESCHOOL PTE. LTD.,428802,https://www.unitedworldpreschool.com/,www.unitedworldpreschool.com,1,school_specific_candidate,not_verified,https://www.unitedworldpreschool.com/,
CENTRE:RC0470,Little Seeds Preschool,650211,https://www.littleseeds.edu.sg/,www.littleseeds.edu.sg,15,shared_operator_page_candidate,not_verified,https://www.littleseeds.edu.sg/,
CENTRE:PT2480,LITTLE FAIRYLAND CHILD CARE & DEVELOPMENT CENTRE,429063,https://www.littlefairyland.com.sg/,www.littlefairyland.com.sg,1,school_specific_candidate,not_verified,https://www.littlefairyland.com.sg/,
CENTRE:PT9388,"INNO MONTESSORI PTE. LTD,",428915,,,0,unavailable,unavailable,,
CENTRE:PT9698,HEARTFIELD KINDERGARTEN PTE LTD,259810,,,0,unavailable,unavailable,,
CENTRE:RC1871,Centre of New Life Schoolhouse,649151,,,0,unavailable,unavailable,,
CENTRE:RC1764,PLAYSCAPES@4PM,470606,https://4pm.org.sg/,4pm.org.sg,1,school_specific_candidate,not_verified,https://4pm.org.sg/,
CENTRE:PT9613,Paper Scissors Stone Montessori Kindergarten,470718,https://www.pssmk.com/,www.pssmk.com,1,school_specific_candidate,not_verified,https://www.pssmk.com/,
CENTRE:PT8515,KIDZ KULTURE SCHOOLHOUSE PTE. LTD.,470743,https://modern-montessori.com/,modern-montessori.com,1,school_specific_candidate,not_verified,https://modern-montessori.com/,
CENTRE:RC0440,KIDSVILLE CHILD CARE & DEVELOPMENT CENTRE,760201,,,0,unavailable,unavailable,,
CENTRE:PT9391,HARMONI PRESKOOL @ BUANGKOK PTE LTD,542278,https://www.greenlandchildcare.com/contact,www.greenlandchildcare.com,5,shared_operator_page_candidate,not_verified,https://www.greenlandchildcare.com/contact,
CENTRE:PT9336,GREENLAND CHILDCARE @ PUNGGOL DRIVE PTE LTD,821678,http://www.greenlandchildcare.com/,www.greenlandchildcare.com,2,shared_operator_page_candidate,not_verified,http://www.greenlandchildcare.com/,
CENTRE:PT9240,GREENLAND CHILDCARE @ FERNVALE PTE LTD,793472,https://www.greenlandchildcare.com/contact,www.greenlandchildcare.com,5,shared_operator_page_candidate,not_verified,https://www.greenlandchildcare.com/contact,
CENTRE:EB0012,E-BRIDGE PRE-SCHOOL PTE LTD,791417,https://info.e-bridge.edu.sg/registration-of-interest,info.e-bridge.edu.sg,23,shared_operator_page_candidate,not_verified,https://info.e-bridge.edu.sg/registration-of-interest,
CENTRE:EB0004,E-BRIDGE PRE-SCHOOL PTE. LTD.,760504,https://www.e-bridge.edu.sg/,www.e-bridge.edu.sg,8,shared_operator_page_candidate,not_verified,https://www.e-bridge.edu.sg/,
CENTRE:PT9931,Artemis Preskool @ Boon Keng,320149,https://www.greenlandchildcare.com/,www.greenlandchildcare.com,1,school_specific_candidate,not_verified,https://www.greenlandchildcare.com/,
CENTRE:PT9925,ARTEMIS PRESKOOL @ WOODLEIGH VILLAGE,360202,https://artemispreskool.com/contact,artemispreskool.com,7,shared_operator_page_candidate,not_verified,https://artemispreskool.com/contact,
CENTRE:RC1892,Arise Preschool,589240,,,0,unavailable,unavailable,,
CENTRE:PT8584,ZEE SCHOOLHOUSE PTE LTD,436788,https://aaytozee.com.sg/,aaytozee.com.sg,3,shared_operator_page_candidate,not_verified,https://aaytozee.com.sg/,
CENTRE:RC1831,RAMAKRISHNA MISSION SARADA KINDERGARTEN,539784,,,0,unavailable,unavailable,,
CENTRE:PT9579,Lodestar Montessori Preschool Pte Ltd,537319,https://www.lodestarmontessori.com/,www.lodestarmontessori.com,1,school_specific_candidate,not_verified,https://www.lodestarmontessori.com/,
CENTRE:EB0028,E-Bridge Pre-School Pte Ltd,690111,https://www.e-bridge.edu.sg/,www.e-bridge.edu.sg,8,shared_operator_page_candidate,not_verified,https://www.e-bridge.edu.sg/,
CENTRE:PT9838,Mulberry Learning Centre @ ATP Pte Ltd,119968,https://www.mulberrylearning.com/,www.mulberrylearning.com,4,shared_operator_page_candidate,not_verified,https://www.mulberrylearning.com/,
CENTRE:PT9383,Mulberry Learning Centre @ OUE Pte Ltd,68815,https://mulberrylearning.com/,mulberrylearning.com,3,shared_operator_page_candidate,not_verified,https://mulberrylearning.com/,
CENTRE:PT9122,MULBERRY LEARNING @ WOODLANDS PTE. LTD.,737854,,,0,unavailable,unavailable,,
CENTRE:PT8749,MULBERRY LEARNING CENTRE@TANJONG PAGAR PTE. LTD,82001,https://www.mulberrylearning.com/,www.mulberrylearning.com,4,shared_operator_page_candidate,not_verified,https://www.mulberrylearning.com/,
CENTRE:PT9488,ACES CHAMPION ENTERPRISE (SINGAPORE) LLP,416672,https://www.aceschampion.com/,www.aceschampion.com,1,school_specific_candidate,not_verified,https://www.aceschampion.com/,
CENTRE:RC1853,Sri Sathya Sai Kindergarten,510716,,,0,unavailable,unavailable,,
CENTRE:ST0251,PCF Sparkletots Preschool @ Kampong Chai Chee Blk 775 (CC),470775,https://www.pcf.org.sg/sparkletots,www.pcf.org.sg,333,shared_operator_page_candidate,not_verified,https://www.pcf.org.sg/sparkletots,
CENTRE:ST0333,PCF Sparkletots Preschool @ Yew Tee Blk 690D (DS),684690,https://www.pcf.org.sg/sparkletots,www.pcf.org.sg,333,shared_operator_page_candidate,not_verified,https://www.pcf.org.sg/sparkletots,
CENTRE:ST0359,PCF Sparkletots Preschool @ Punggol Shore Blk 174D (DS),824174,https://www.pcf.org.sg/sparkletots,www.pcf.org.sg,333,shared_operator_page_candidate,not_verified,https://www.pcf.org.sg/sparkletots,
CENTRE:ST0240,PCF Sparkletots Preschool @ Marine Parade Blk 46 (DS),440046,https://www.pcf.org.sg/sparkletots,www.pcf.org.sg,333,shared_operator_page_candidate,not_verified,https://www.pcf.org.sg/sparkletots,
CENTRE:ST0318,PCF Sparkletots Preschool @ Hong Kah North Blk 319 (DS),650319,,,0,unavailable,unavailable,,
CENTRE:PT9738,Huda Childcare (WRR) Pte Ltd,737853,,,0,unavailable,unavailable,,
CENTRE:PT8996,Learning Adventure Preschool @ Woodlands,737853,https://www.learningadventure.sg/,www.learningadventure.sg,1,school_specific_candidate,not_verified,https://www.learningadventure.sg/,
CENTRE:PT9637,My Prep School Pte. Ltd.,448910,https://www.myprepschool.com.sg/,www.myprepschool.com.sg,1,school_specific_candidate,not_verified,https://www.myprepschool.com.sg/,
CENTRE:ST0407,PCF Sparkletots Preschool @ Punggol North Blk 447A (CC),821447,https://www.pcf.org.sg/sparkletots,www.pcf.org.sg,333,shared_operator_page_candidate,not_verified,https://www.pcf.org.sg/sparkletots,
CENTRE:KM0033,MOE Kindergarten @ Tampines,529426,,,0,unavailable,unavailable,,
CENTRE:PT9074,MINDCHAMPS PRESCHOOL @ BEDOK PTE. LTD.,469003,,,0,unavailable,unavailable,,
CENTRE:RC1852,Bethesda Kindercare,456929,https://bethesdakindercare.sg/,bethesdakindercare.sg,1,school_specific_candidate,not_verified,https://bethesdakindercare.sg/,
CENTRE:PT9415,SUNFLOWER PRESCHOOL @ AMK PTE. LTD.,569897,,,0,unavailable,unavailable,,
CENTRE:KM0023,MOE KINDERGARTEN @ FIRST TOA PAYOH,319252,,,0,unavailable,unavailable,,
CENTRE:PT9749,MAPLEBEAR LEARNING POINT PTE LTD,545270,https://maplebear.sg/sengkang,maplebear.sg,1,school_specific_candidate,not_verified,https://maplebear.sg/sengkang,
CENTRE:PT9853,ILHAM CHILD CARE (NORTH) PTE LTD,737854,https://www.ilhamchildcare.com/,www.ilhamchildcare.com,1,school_specific_candidate,not_verified,https://www.ilhamchildcare.com/,
CENTRE:PT9063,ILHAM CHILD CARE PTE. LTD.,609966,,,0,unavailable,unavailable,,
CENTRE:PT9858,MindChamps PreSchool @ Sengkang Pte Ltd,544692,,,0,unavailable,unavailable,,
CENTRE:EB0029,E-Bridge Pre-School Pte Ltd,530176,https://www.e-bridge.edu.sg/,www.e-bridge.edu.sg,8,shared_operator_page_candidate,not_verified,https://www.e-bridge.edu.sg/,
CENTRE:PT9355,ILHAM CHILD CARE (EAST) PTE LTD,408555,,,0,unavailable,unavailable,,
CENTRE:PT9804,LITTLE GREENHOUSE @ ALJUNIED PTE. LTD.,389801,https://www.littlegreenhouse.com.sg/,www.littlegreenhouse.com.sg,14,shared_operator_page_candidate,not_verified,https://www.littlegreenhouse.com.sg/,
CENTRE:PT9372,CHATSWORTH PRESCHOOL PTE LTD,799752,https://www.sdmchatsworth.sg/,www.sdmchatsworth.sg,2,shared_operator_page_candidate,not_verified,https://www.sdmchatsworth.sg/,
CENTRE:ST0227,PCF Sparkletots Preschool @ Whampoa Blk 85 (DS),320085,https://www.pcf.org.sg/sparkletots,www.pcf.org.sg,333,shared_operator_page_candidate,not_verified,https://www.pcf.org.sg/sparkletots,
CENTRE:ST0243,PCF Sparkletots Preschool @ Kampong Chai Chee Blk 135 (KN),460135,https://www.pcf.org.sg/sparkletots,www.pcf.org.sg,333,shared_operator_page_candidate,not_verified,https://www.pcf.org.sg/sparkletots,
CENTRE:ST0293,PCF SPARKLETOTS PRESCHOOL @ CHENG SAN BLK 556 (DS),560556,https://www.pcf.org.sg/sparkletots,www.pcf.org.sg,333,shared_operator_page_candidate,not_verified,https://www.pcf.org.sg/sparkletots,
CENTRE:ST0081,PCF Sparkletots Preschool @ Nee Soon South Blk 852 (EY),760852,https://www.pcf.org.sg/sparkletots,www.pcf.org.sg,333,shared_operator_page_candidate,not_verified,https://www.pcf.org.sg/sparkletots,
CENTRE:ST0404,PCF Sparkletots Preschool @ Tampines Boulevard Blk 662C (CC),523662,https://www.pcf.org.sg/sparkletots,www.pcf.org.sg,333,shared_operator_page_candidate,not_verified,https://www.pcf.org.sg/sparkletots,
CENTRE:PT8637,Julia Gabriel Preschool Mountbatten,397999,,,0,unavailable,unavailable,,
CENTRE:ST0146,PCF SPARKLETOTS PRESCHOOL @ BUKIT PANJANG BLK 412 (CC),670412,https://www.pcf.org.sg/sparkletots,www.pcf.org.sg,333,shared_operator_page_candidate,not_verified,https://www.pcf.org.sg/sparkletots,
CENTRE:ST0387,PCF Sparkletots Preschool @ Teck Ghee Blk 227 (EY),560227,https://www.pcf.org.sg/sparkletots,www.pcf.org.sg,333,shared_operator_page_candidate,not_verified,https://www.pcf.org.sg/sparkletots,
CENTRE:PT8524,MINDCHAMPS PRESCHOOL @ TPY PTE. LIMITED,310190,,,0,unavailable,unavailable,,
CENTRE:KM0024,MOE Kindergarten @ Kranji,689189,,,0,unavailable,unavailable,,
CENTRE:RC1838,New Life Kindercare,739147,https://www.newlifekinder.org/,www.newlifekinder.org,1,school_specific_candidate,not_verified,https://www.newlifekinder.org/,
CENTRE:PT9789,Leeds Montessori,546663,https://www.leedsmontessori.edu.sg/,www.leedsmontessori.edu.sg,1,school_specific_candidate,not_verified,https://www.leedsmontessori.edu.sg/,
CENTRE:PT9282,SPRING BUDS LEARNING CAMPUS PTE LTD,758467,,,0,unavailable,unavailable,,
CENTRE:PT8901,CAMBERLEY INTERNATIONAL PRE-SCHOOL PRIVATE LIMITED,549405,https://www.camberley.com.sg/,www.camberley.com.sg,2,shared_operator_page_candidate,not_verified,https://www.camberley.com.sg/,
CENTRE:PT8945,ETONHOUSE PRE-SCHOOL PTE LTD,398008,https://www.etonhouse.com.sg/,www.etonhouse.com.sg,1,school_specific_candidate,not_verified,https://www.etonhouse.com.sg/,
CENTRE:PT9878,EtonHouse Pre-School Pte Ltd,437738,https://www.etonhouse.edu.sg/school/naturepreschool,www.etonhouse.edu.sg,1,school_specific_candidate,not_verified,https://www.etonhouse.edu.sg/school/naturepreschool,
CENTRE:PT9228,EtonHouse Pre-School by the Beach,98008,https://www.etonhouse.edu.sg/school/beach,www.etonhouse.edu.sg,1,school_specific_candidate,not_verified,https://www.etonhouse.edu.sg/school/beach,
CENTRE:PT9869,Agora-Colearning Spaces Pte. Ltd.,99253,https://www.agora-colearning.space/,www.agora-colearning.space,1,school_specific_candidate,not_verified,https://www.agora-colearning.space/,
CENTRE:KM0008,MOE Kindergarten @ West Spring,679946,,,0,unavailable,unavailable,,
CENTRE:PT9237,MAPLEBEAR PREP SCHOOL PTE LTD,669569,http://www.maplebear.sg/hillview,www.maplebear.sg,1,school_specific_candidate,not_verified,http://www.maplebear.sg/hillview,
CENTRE:KM0026,MOE KINDERGARTEN @ Horizon,828819,https://www.horizonpri.moe.edu.sg/moe-kindergarten/events-and-announcements,www.horizonpri.moe.edu.sg,1,school_specific_candidate,not_verified,https://www.horizonpri.moe.edu.sg/moe-kindergarten/events-and-announcements,
CENTRE:ST0179,PCF SPARKLETOTS PRESCHOOL @ CHUA CHU KANG BLK 123 (CC),680123,https://www.pcf.org.sg/sparkletots,www.pcf.org.sg,333,shared_operator_page_candidate,not_verified,https://www.pcf.org.sg/sparkletots,
CENTRE:ST0071,PCF SPARKLETOTS PRESCHOOL @ WHAMPOA BLK 105 (CC),320105,https://www.pcf.org.sg/sparkletots,www.pcf.org.sg,333,shared_operator_page_candidate,not_verified,https://www.pcf.org.sg/sparkletots,
CENTRE:PT9752,CHILDREN'S COVE PRESCHOOL PTE. LTD.,309975,https://childrenscove.sg/schools/novena,childrenscove.sg,1,school_specific_candidate,not_verified,https://childrenscove.sg/schools/novena,
CENTRE:PT7380,BRIGHT KIDS SCHOOL HOUSE PTE LTD,824175,https://www.brightkids.com.sg/,www.brightkids.com.sg,5,shared_operator_page_candidate,not_verified,https://www.brightkids.com.sg/,
CENTRE:KM0017,MOE KINDERGARTEN @ PUNGGOL COVE,828674,,,0,unavailable,unavailable,,
CENTRE:PT8676,CARPE DIEM @ HILLTOP PTE. LTD.,787087,https://www.carpediem.com.sg/,www.carpediem.com.sg,15,shared_operator_page_candidate,not_verified,https://www.carpediem.com.sg/,
CENTRE:RC1878,Little Seeds Preschool,534682,http://spck.edu.sg/,spck.edu.sg,1,school_specific_candidate,not_verified,http://spck.edu.sg/,
CENTRE:ST0392,PCF Sparkletots Preschool @ Zhenghua Blk 645 (EY),670645,https://www.pcf.org.sg/sparkletots,www.pcf.org.sg,333,shared_operator_page_candidate,not_verified,https://www.pcf.org.sg/sparkletots,
CENTRE:PT9766,Silk Education Pte. Ltd.,530246,,,0,unavailable,unavailable,,
CENTRE:PT9315,Little Kinder Montessori @ Kent Ridge,119759,https://www.littlekindermontessori.com/,www.littlekindermontessori.com,5,shared_operator_page_candidate,not_verified,https://www.littlekindermontessori.com/,
CENTRE:PT9389,CARPE DIEM STARLETS SPARKLE PTE. LTD.,159345,,,0,unavailable,unavailable,,
CENTRE:KM0019,MOE KINDERGARTEN @ ANCHOR GREEN,544969,,,0,unavailable,unavailable,,
CENTRE:KM0016,MOE KINDERGARTEN @ OASIS,828716,,,0,unavailable,unavailable,,
CENTRE:ST0167,PCF Sparkletots Preschool @ Yio Chu Kang Blk 611 (CC),560611,https://www.pcf.org.sg/sparkletots,www.pcf.org.sg,333,shared_operator_page_candidate,not_verified,https://www.pcf.org.sg/sparkletots,
CENTRE:PT8359,BAMBINI CHILDCARE LLP,598523,http://www.bambinichildcare.com.sg/,www.bambinichildcare.com.sg,1,school_specific_candidate,not_verified,http://www.bambinichildcare.com.sg/,
CENTRE:ST0238,PCF Sparkletots Preschool @ Kembangan Blk 116 (DS),410116,https://www.pcf.org.sg/sparkletots,www.pcf.org.sg,333,shared_operator_page_candidate,not_verified,https://www.pcf.org.sg/sparkletots,
CENTRE:ST0237,PCF Sparkletots Preschool @ Kembangan Blk 326 (DS),400326,https://www.pcf.org.sg/sparkletots,www.pcf.org.sg,333,shared_operator_page_candidate,not_verified,https://www.pcf.org.sg/sparkletots,
CENTRE:ST0054,PCF Sparkletots Preschool @ Kembangan Blk 412 (CC),400412,https://www.pcf.org.sg/sparkletots,www.pcf.org.sg,333,shared_operator_page_candidate,not_verified,https://www.pcf.org.sg/sparkletots,
CENTRE:ST0300,PCF Sparkletots Preschool @ Yuhua Blk 285C (KN),603285,https://www.pcf.org.sg/sparkletots,www.pcf.org.sg,333,shared_operator_page_candidate,not_verified,https://www.pcf.org.sg/sparkletots,
CENTRE:ST0060,PCF SPARKLETOTS PRESCHOOL @ YUHUA BLK 271 (CC),600271,https://www.pcf.org.sg/sparkletots,www.pcf.org.sg,333,shared_operator_page_candidate,not_verified,https://www.pcf.org.sg/sparkletots,
CENTRE:ST0316,PCF Sparkletots Preschool @ Bukit Batok East Blk 241 (KN),650241,https://www.pcf.org.sg/sparkletots,www.pcf.org.sg,333,shared_operator_page_candidate,not_verified,https://www.pcf.org.sg/sparkletots,
CENTRE:ST0342,PCF Sparkletots Preschool @ Woodlands Blk 875 (KN),730875,https://www.pcf.org.sg/sparkletots,www.pcf.org.sg,333,shared_operator_page_candidate,not_verified,https://www.pcf.org.sg/sparkletots,
CENTRE:ST0132,PCF SPARKLETOTS PRESCHOOL @ WOODLANDS BLK 853 (CC),730853,https://www.pcf.org.sg/sparkletots,www.pcf.org.sg,333,shared_operator_page_candidate,not_verified,https://www.pcf.org.sg/sparkletots,
CENTRE:ST0096,PCF SPARKLETOTS PRESCHOOL @ WOODLANDS BLK 824 (CC),730824,https://www.pcf.org.sg/sparkletots,www.pcf.org.sg,333,shared_operator_page_candidate,not_verified,https://www.pcf.org.sg/sparkletots,
CENTRE:ST0102,PCF SPARKLETOTS PRESCHOOL @ TECK GHEE BLK 310A (CC),561310,https://www.pcf.org.sg/sparkletots,www.pcf.org.sg,333,shared_operator_page_candidate,not_verified,https://www.pcf.org.sg/sparkletots,
CENTRE:ST0157,PCF Sparkletots Preschool @ Seletar-Serangoon Blk 937 (CC),530937,https://www.pcf.org.sg/sparkletots,www.pcf.org.sg,333,shared_operator_page_candidate,not_verified,https://www.pcf.org.sg/sparkletots,
CENTRE:ST0247,PCF Sparkletots Preschool @ Bedok Blk 30 (DS),461030,https://www.pcf.org.sg/sparkletots,www.pcf.org.sg,333,shared_operator_page_candidate,not_verified,https://www.pcf.org.sg/sparkletots,
CENTRE:PT9255,SUNFLOWER PRESCHOOL @ FRANKEL PTE LTD,458177,https://www.sunflower.com/,www.sunflower.com,1,school_specific_candidate,not_verified,https://www.sunflower.com/,
CENTRE:PT4910,MONTESSORI @ GRACELAND PTE LTD,668111,,,0,unavailable,unavailable,,
CENTRE:PT9767,Red Schoolhouse Kindercare,357844,https://redschhs-kdc.com.sg/,redschhs-kdc.com.sg,1,school_specific_candidate,not_verified,https://redschhs-kdc.com.sg/,
CENTRE:PT7600,RED SCHOOLHOUSE PTE LTD,573955,https://www.redschhs.com/,www.redschhs.com,1,school_specific_candidate,not_verified,https://www.redschhs.com/,
CENTRE:RC1833,Shalom Kindergarten,509025,https://shalombpchurch/,shalombpchurch,1,school_specific_candidate,not_verified,https://shalombpchurch/,
CENTRE:PT9218,ACTIVE LEARNERS CHILD CARE PRIVATE LIMITED,731306,https://www.activelearners.com.sg/,www.activelearners.com.sg,1,school_specific_candidate,not_verified,https://www.activelearners.com.sg/,
CENTRE:PT8790,NOBLELAND ARTS N LEARNING PLACE @ BISHAN PTE. LTD.,576101,https://www.nobleland.sg/,www.nobleland.sg,5,shared_operator_page_candidate,not_verified,https://www.nobleland.sg/,
CENTRE:PT9811,Kidya Childcare Pte Ltd,425500,https://www.kidyachildcare.sg/,www.kidyachildcare.sg,2,shared_operator_page_candidate,not_verified,https://www.kidyachildcare.sg/,
CENTRE:PT9358,CARPE DIEM CHILDCARE PTE LTD,545571,https://v2.taidii.com/enquiry/publicec/new?hq=36oybncs9pvyk9idoop2ul5l2qvolaqhuliukfhs3yw%3D&temp_id=36oybncs9pvyk9idoop2uum4s5m+,v2.taidii.com,2,shared_operator_page_candidate,not_verified,https://v2.taidii.com/enquiry/publicec/new?hq=36oybncs9pvyk9idoop2ul5l2qvolaqhuliukfhs3yw%3D&temp_id=36oybncs9pvyk9idoop2uum4s5m+,
CENTRE:PT9412,Mulberry Learning @ Bedok,469662,,,0,unavailable,unavailable,,
CENTRE:ST0021,PCF SPARKLETOTS PRESCHOOL @ NANYANG BLK 922 (CC),640922,https://www.pcf.org.sg/sparkletots,www.pcf.org.sg,333,shared_operator_page_candidate,not_verified,https://www.pcf.org.sg/sparkletots,
CENTRE:RC1802,DARUL MAKMUR MOSQUE KINDERGARTEN,769099,,,0,unavailable,unavailable,,
CENTRE:RC1812,Al-Khair Mosque Kindergarten,688847,,,0,unavailable,unavailable,,
CENTRE:PT8633,BETWEEN TWO TREES PRESCHOOL,278418,https://www.betweentwotrees.sg/,www.betweentwotrees.sg,1,school_specific_candidate,not_verified,https://www.betweentwotrees.sg/,
CENTRE:RC1765,BETHEL CHILD DEVELOPMENT CENTRE,380111,https://www.bethelcs.org.sg/,www.bethelcs.org.sg,1,school_specific_candidate,not_verified,https://www.bethelcs.org.sg/,
CENTRE:PT9635,Lumiere Montessori House Pte Ltd,357971,https://www.lumieremontessori.com/,www.lumieremontessori.com,3,shared_operator_page_candidate,not_verified,https://www.lumieremontessori.com/,
CENTRE:PT8985,Josiah Montessori,48545,https://www.josiah.com.sg/,www.josiah.com.sg,4,shared_operator_page_candidate,not_verified,https://www.josiah.com.sg/,
CENTRE:RC1821,Darul Ghufran Mosque Kindergarten,529651,,,0,unavailable,unavailable,,
CENTRE:RC1820,EN-NAEEM MOSQUE KINDERGARTEN,535136,,,0,unavailable,unavailable,,
CENTRE:RC1819,AL-ISTIQAMAH MOSQUE KINDERGARTEN,555876,,,0,unavailable,unavailable,,
CENTRE:RC1816,Kampung Siglap Mosque Kindergarten,449283,,,0,unavailable,unavailable,,
CENTRE:RC1814,An-Nur Mosque Kindergarten,739983,,,0,unavailable,unavailable,,
CENTRE:RC1813,AL-MUTTAQIN MOSQUE KINDERGARTEN,569844,,,0,unavailable,unavailable,,
CENTRE:RC1811,Mujahidin Mosque Kindergarten,148952,,,0,unavailable,unavailable,,
CENTRE:RC1810,Al Iman Mosque Kindergarten,679943,,,0,unavailable,unavailable,,
CENTRE:RC1808,Assyakirin Mosque Kindergarten,618617,,,0,unavailable,unavailable,,
CENTRE:RC1770,WAT PATTHAR EDUCARE CENTRE,730664,https://www.wpecc.info/,www.wpecc.info,1,school_specific_candidate,not_verified,https://www.wpecc.info/,
CENTRE:PT9402,CHESTON MONTESSORI PRESCHOOLS PTE LTD,129880,https://www.chestonmontessori.com/,www.chestonmontessori.com,1,school_specific_candidate,not_verified,https://www.chestonmontessori.com/,
CENTRE:PT9628,Bello Bambini Montessori Pte Ltd,577177,https://www.bellobambini.com.sg/,www.bellobambini.com.sg,1,school_specific_candidate,not_verified,https://www.bellobambini.com.sg/,
CENTRE:PT9223,RAINBOW COVE @ BUTTERFLY PTE. LTD.,349844,,,0,unavailable,unavailable,,
CENTRE:PT9484,Baby Elk Infant Care Pte Ltd,569139,,,0,unavailable,unavailable,,
CENTRE:PT7210,SUPERLAND MONTESSORI PRE-SCHOOL PTE. LTD.,160568,https://www.superland.com.sg/,www.superland.com.sg,16,shared_operator_page_candidate,not_verified,https://www.superland.com.sg/,
CENTRE:PT9312,Pre-School By-The-Park (Evans),259367,,,0,unavailable,unavailable,,
CENTRE:ST0029,PCF SPARKLETOTS PRESCHOOL @ KEAT HONG BLK 448 (CC),680448,https://www.pcf.org.sg/sparkletots,www.pcf.org.sg,333,shared_operator_page_candidate,not_verified,https://www.pcf.org.sg/sparkletots,
CENTRE:PT8809,HUDA CHILDCARE PTE. LTD.,737853,,,0,unavailable,unavailable,,
CENTRE:ST0086,PCF SPARKLETOTS PRESCHOOL @ KEAT HONG BLK 435 (CC),680435,https://www.pcf.org.sg/sparkletots,www.pcf.org.sg,333,shared_operator_page_candidate,not_verified,https://www.pcf.org.sg/sparkletots,
CENTRE:PT9495,NAFA ARTS PRESCHOOL,189655,https://preschool.nafa.edu.sg/,preschool.nafa.edu.sg,1,school_specific_candidate,not_verified,https://preschool.nafa.edu.sg/,
CENTRE:RC1840,Paya Lebar Methodist Church Covenant Kindergarten,549954,,,0,unavailable,unavailable,,
CENTRE:RC1804,Good Shepherd Preschool,456650,https://gs.goodshepherdmarymount.edu.sg/,gs.goodshepherdmarymount.edu.sg,1,school_specific_candidate,not_verified,https://gs.goodshepherdmarymount.edu.sg/,
CENTRE:PT9192,SUNFLOWER PRESCHOOL @ NSE PTE. LTD.,768893,https://www.sunflowerkid.com/,www.sunflowerkid.com,26,shared_operator_page_candidate,not_verified,https://www.sunflowerkid.com/,
CENTRE:PT8534,Little Explorers Cove @ Boon Lay,649883,,,0,unavailable,unavailable,,
CENTRE:PT8575,MindChamps PreSchool @ East Coast,437157,,,0,unavailable,unavailable,,
CENTRE:PT8598,MindChamps Performing Arts International PreSchool @ Changi Business Park PTE LTD,486066,https://www.mindchampspreschool.org/,www.mindchampspreschool.org,4,shared_operator_page_candidate,not_verified,https://www.mindchampspreschool.org/,
CENTRE:PT9611,FIRST STEP MONTESSORI HOUSE PTE. LTD.,760716,https://www.firststep.com.sg/,www.firststep.com.sg,1,school_specific_candidate,not_verified,https://www.firststep.com.sg/,
CENTRE:RC1887,TUNG LING PRESCHOOL,449274,https://www.tungling.edu.sg/,www.tungling.edu.sg,1,school_specific_candidate,not_verified,https://www.tungling.edu.sg/,
CENTRE:ST0351,PCF Sparkletots Preschool @ Nee Soon East Blk 367 (EY),760367,https://www.pcf.org.sg/sparkletots,www.pcf.org.sg,333,shared_operator_page_candidate,not_verified,https://www.pcf.org.sg/sparkletots,
CENTRE:ST0328,PCF Sparkletots Preschool @ Chua Chu Kang Blk 10 (KN),680010,https://www.pcf.org.sg/sparkletots,www.pcf.org.sg,333,shared_operator_page_candidate,not_verified,https://www.pcf.org.sg/sparkletots,
CENTRE:PT9361,Forrest Preschool,769923,https://www.greentreemontessori.com/,www.greentreemontessori.com,5,shared_operator_page_candidate,not_verified,https://www.greentreemontessori.com/,
CENTRE:RC1789,SEVENTH-DAY ADVENTIST CONFERENCE (SINGAPORE) - ADVENTIST SCHOOLHOUSE,609648,https://www.ash.edu.sg/,www.ash.edu.sg,1,school_specific_candidate,not_verified,https://www.ash.edu.sg/,
CENTRE:RC1768,BETHLEHEM EDUCARE CENTRE,520320,,,0,unavailable,unavailable,,
CENTRE:PT9467,SUPERLAND PRE-SCHOOL (TBCC) PTE. LTD.,169715,https://www.superland.com.sg/,www.superland.com.sg,16,shared_operator_page_candidate,not_verified,https://www.superland.com.sg/,
CENTRE:PT9386,MINDCHAMPS CHINESE PRESCHOOL@THOMSON PTE. LIMITED,298137,,,0,unavailable,unavailable,,
CENTRE:ST0043,PCF SPARKLETOTS PRESCHOOL @ MOULMEIN-CAIRNHILL Blk 50 (CC),210050,https://www.pcf.org.sg/sparkletots,www.pcf.org.sg,333,shared_operator_page_candidate,not_verified,https://www.pcf.org.sg/sparkletots,
CENTRE:ST0322,PCF Sparkletots Preschool @ Bukit Panjang Blk 226 (EY),670226,https://www.pcf.org.sg/sparkletots,www.pcf.org.sg,333,shared_operator_page_candidate,not_verified,https://www.pcf.org.sg/sparkletots,
CENTRE:RC0960,BETHLEHEM EDUCARE CENTRE (YISHUN),760311,,,0,unavailable,unavailable,,
CENTRE:RC1865,JAMIYAH KINDERGARTEN,399006,,,0,unavailable,unavailable,,
CENTRE:PT9875,Kidya Childcare (Bukit Batok) Pte Ltd,658065,https://www.kidyachildcare.sg/,www.kidyachildcare.sg,2,shared_operator_page_candidate,not_verified,https://www.kidyachildcare.sg/,
CENTRE:ST0352,PCF Sparkletots Preschool @ Nee Soon Link Blk 408 (EY),760408,https://www.pcf.org.sg/sparkletots,www.pcf.org.sg,333,shared_operator_page_candidate,not_verified,https://www.pcf.org.sg/sparkletots,
CENTRE:ST0232,PCF Sparkletots Preschool @ Macpherson Blk 31 (KN),370031,https://www.pcf.org.sg/sparkletots,www.pcf.org.sg,333,shared_operator_page_candidate,not_verified,https://www.pcf.org.sg/sparkletots,
CENTRE:ST0248,PCF Sparkletots Preschool @ Eunos Blk 122 (CC),470122,https://www.pcf.org.sg/sparkletots,www.pcf.org.sg,333,shared_operator_page_candidate,not_verified,https://www.pcf.org.sg/sparkletots,
CENTRE:ST0091,PCF SPARKLETOTS PRESCHOOL @ EUNOS BLK 620 (CC),470620,https://www.pcf.org.sg/sparkletots,www.pcf.org.sg,333,shared_operator_page_candidate,not_verified,https://www.pcf.org.sg/sparkletots,
CENTRE:ST0015,PCF SPARKLETOTS PRESCHOOL @ EUNOS BLK 134 (CC),470134,https://www.pcf.org.sg/sparkletots,www.pcf.org.sg,333,shared_operator_page_candidate,not_verified,https://www.pcf.org.sg/sparkletots,
CENTRE:PT9840,Posso Preschool @ Fernvale,797650,https://www.possopreschool.com/,www.possopreschool.com,2,shared_operator_page_candidate,not_verified,https://www.possopreschool.com/,
CENTRE:PT9822,Posso Preschool @ Sengkang,544583,https://www.possopreschool.com/,www.possopreschool.com,2,shared_operator_page_candidate,not_verified,https://www.possopreschool.com/,
CENTRE:PT9494,POSSO PRESCHOOL @ TAMPINES POINT PTE. LTD.,529483,http://www.possopreschool.com/,www.possopreschool.com,1,school_specific_candidate,not_verified,http://www.possopreschool.com/,
CENTRE:PT8684,POSSO PRESCHOOL @ WEST COAST RISE PTE LTD,127473,,,0,unavailable,unavailable,,
CENTRE:RC1460,Foo Hai Aspiration Childcare Centre @Bedok,460201,,,0,unavailable,unavailable,,
CENTRE:PT0860,Adventure Tree Preschool Bukit Timah Pte Ltd,596360,https://www.adventuretree.com.sg/,www.adventuretree.com.sg,3,shared_operator_page_candidate,not_verified,https://www.adventuretree.com.sg/,
CENTRE:KM0014,MOE KINDERGARTEN @ SPRINGDALE,544799,,,0,unavailable,unavailable,,
CENTRE:ST0149,PCF Sparkletots Preschool @ Nee Soon East Blk 333D (CC),764333,https://www.pcf.org.sg/sparkletots,www.pcf.org.sg,333,shared_operator_page_candidate,not_verified,https://www.pcf.org.sg/sparkletots,
CENTRE:ST0287,PCF Sparkletots Preschool @ Seletar-Serangoon Blk 518 (DS),550518,https://www.pcf.org.sg/sparkletots,www.pcf.org.sg,333,shared_operator_page_candidate,not_verified,https://www.pcf.org.sg/sparkletots,
CENTRE:ST0254,PCF Sparkletots Preschool @ Pasir Ris Central Blk 517 (CC),510517,https://www.pcf.org.sg/sparkletots,www.pcf.org.sg,333,shared_operator_page_candidate,not_verified,https://www.pcf.org.sg/sparkletots,
CENTRE:ST0148,PCF SPARKLETOTS PRESCHOOL @ NAVAL BASE BLK 413 (CC),750413,https://www.pcf.org.sg/sparkletots,www.pcf.org.sg,333,shared_operator_page_candidate,not_verified,https://www.pcf.org.sg/sparkletots,
CENTRE:ST0104,PCF Sparkletots Preschool @ Kampong Chai Chee Blk 32 (CC),461032,https://www.pcf.org.sg/sparkletots,www.pcf.org.sg,333,shared_operator_page_candidate,not_verified,https://www.pcf.org.sg/sparkletots,
CENTRE:ST0063,PCF Sparkletots Preschool @ Bedok Blk 172 (CC),460172,https://www.pcf.org.sg/sparkletots,www.pcf.org.sg,333,shared_operator_page_candidate,not_verified,https://www.pcf.org.sg/sparkletots,
CENTRE:PT9779,WISDOM STAR PRESCHOOL @ LE QUEST PTE LTD,657993,https://www.wisdomstarpreschool.com.sg/,www.wisdomstarpreschool.com.sg,1,school_specific_candidate,not_verified,https://www.wisdomstarpreschool.com.sg/,
CENTRE:ST0155,PCF SPARKLETOTS PRESCHOOL @ NANYANG BLK 825 (CC),640825,https://www.pcf.org.sg/sparkletots,www.pcf.org.sg,333,shared_operator_page_candidate,not_verified,https://www.pcf.org.sg/sparkletots,
CENTRE:PT9057,SHEFFIELD KIDSWORLD (ST ANNE) PTE. LTD.,545271,https://www.sheffieldkidsworld.com/,www.sheffieldkidsworld.com,2,shared_operator_page_candidate,not_verified,https://www.sheffieldkidsworld.com/,
CENTRE:PT8494,CITIKIDS EDVENTURE PTE. LTD.,670450,,,0,unavailable,unavailable,,
CENTRE:ST0057,PCF Sparkletots Preschool @ Cheng San Blk 502 (EY),560502,https://www.pcf.org.sg/sparkletots,www.pcf.org.sg,333,shared_operator_page_candidate,not_verified,https://www.pcf.org.sg/sparkletots,
CENTRE:PT8630,EARLY LEARNING'S FUN PRESCHOOL PTE. LTD.,599057,https://www.elfpreschool.com.sg/,www.elfpreschool.com.sg,1,school_specific_candidate,not_verified,https://www.elfpreschool.com.sg/,
CENTRE:SK0021,Skool4Kidz Preschool,532992,https://skool4kidz.com.sg/,skool4kidz.com.sg,28,shared_operator_page_candidate,not_verified,https://skool4kidz.com.sg/,
CENTRE:PT8958,MINDCHAMPS PRESCHOOL @ ZHONGSHAN PARK PTE. LTD.,329983,,,0,unavailable,unavailable,,
CENTRE:PT9699,LeClare @ Shenton Pte. Ltd.,68810,http://www.leclare.edu.sg/,www.leclare.edu.sg,1,school_specific_candidate,not_verified,http://www.leclare.edu.sg/,
CENTRE:RC1640,KINDERYEARS CHILDCARE & DEVELOPMENT CENTRE,680679,,,0,unavailable,unavailable,,
CENTRE:RC1823,Glory Kindergarten,597611,https://www.glorykindi.edu.sg/,www.glorykindi.edu.sg,1,school_specific_candidate,not_verified,https://www.glorykindi.edu.sg/,
CENTRE:PT8434,CARPE DIEM FIRST YEARS PTE. LTD.,510129,http://www.carpediem.com.sg/,www.carpediem.com.sg,1,school_specific_candidate,not_verified,http://www.carpediem.com.sg/,
CENTRE:PT8675,CHILDREN'S COVE PTE. LTD.,258352,https://childrenscove.sg/schools/orange-grove,childrenscove.sg,1,school_specific_candidate,not_verified,https://childrenscove.sg/schools/orange-grove,
CENTRE:PT9267,MULBERRY LEARNING CENTRE CENTRAL PTE LTD,229944,,,0,unavailable,unavailable,,
CENTRE:RC1719,KIDZ MEADOW CHILDCARE & DEVELOPMENT CENTRE (BUANGKOK CRESCENT),533979,,,0,unavailable,unavailable,,
CENTRE:PT3150,BUMBLE BEE CHILD CARE CENTRE,730369,https://www.bumbleb3.com/,www.bumbleb3.com,1,school_specific_candidate,not_verified,https://www.bumbleb3.com/,
CENTRE:ST0319,PCF Sparkletots Preschool @ Hong Kah North Blk 338 (CC),650338,https://www.pcf.org.sg/sparkletots,www.pcf.org.sg,333,shared_operator_page_candidate,not_verified,https://www.pcf.org.sg/sparkletots,
CENTRE:PT9743,MapleBear Early Development Pte Ltd,609935,,,0,unavailable,unavailable,,
CENTRE:PT9190,BRILLIANT KIDS LEARNING COVE,659206,,,0,unavailable,unavailable,,
CENTRE:RC1780,ST JOSEPH'S HOME INFANT AND CHILDCARE,648141,https://www.stjh.org.sg/,www.stjh.org.sg,1,school_specific_candidate,not_verified,https://www.stjh.org.sg/,
CENTRE:ST0028,PCF SPARKLETOTS PRESCHOOL @ BUKIT BATOK BLK 118 (CC),650118,https://www.pcf.org.sg/sparkletots,www.pcf.org.sg,333,shared_operator_page_candidate,not_verified,https://www.pcf.org.sg/sparkletots,
CENTRE:ST0169,PCF SPARKLETOTS PRESCHOOL @ MARSILING (CC),738621,https://www.pcf.org.sg/sparkletots,www.pcf.org.sg,333,shared_operator_page_candidate,not_verified,https://www.pcf.org.sg/sparkletots,
CENTRE:PT9885,MMI HOLLAND GROVE PTE LTD,278803,,,0,unavailable,unavailable,,
CENTRE:ST0220,PCF Sparkletots Preschool @ Kampong Glam Blk 462 (DS),190462,https://www.pcf.org.sg/sparkletots,www.pcf.org.sg,333,shared_operator_page_candidate,not_verified,https://www.pcf.org.sg/sparkletots,
CENTRE:PT9544,APPLE TREE PLAYHOUSE PTE LTD,768019,https://www.appletreeplayhouse.com/,www.appletreeplayhouse.com,1,school_specific_candidate,not_verified,https://www.appletreeplayhouse.com/,
CENTRE:PT9807,LES OLIVIERS,267211,https://www.oliviers-french-montessori.com/,www.oliviers-french-montessori.com,1,school_specific_candidate,not_verified,https://www.oliviers-french-montessori.com/,
CENTRE:ST0083,PCF SPARKLETOTS PRESCHOOL @ LIMBANG Blk 567 (CC),680567,https://www.pcf.org.sg/sparkletots,www.pcf.org.sg,333,shared_operator_page_candidate,not_verified,https://www.pcf.org.sg/sparkletots,
CENTRE:PT9506,MAPLEBEAR LEARNING SCHOOLHOUSE PTE LTD,534818,,,0,unavailable,unavailable,,
CENTRE:PT8882,GENESIS CHILD CARE (TP) PTE. LTD.,520433,https://www.genesisgroup.sg/,www.genesisgroup.sg,1,school_specific_candidate,not_verified,https://www.genesisgroup.sg/,
CENTRE:ST0205,PCF SPARKLETOTS PRESCHOOL @ LIMBANG BLK 543 (DS),680543,https://www.pcf.org.sg/sparkletots,www.pcf.org.sg,333,shared_operator_page_candidate,not_verified,https://www.pcf.org.sg/sparkletots,
CENTRE:ST0350,PCF Sparkletots Preschool @ Nee Soon East Blk 223 (EY),760223,https://www.pcf.org.sg/sparkletots,www.pcf.org.sg,333,shared_operator_page_candidate,not_verified,https://www.pcf.org.sg/sparkletots,
CENTRE:RC0035,GRACE CHILD DEVELOPMENT CENTRE,544644,https://www.sbws.org.sg/,www.sbws.org.sg,1,school_specific_candidate,not_verified,https://www.sbws.org.sg/,
CENTRE:ST0343,PCF Sparkletots Preschool @ Woodgrove Blk 899B (KN),731899,https://www.pcf.org.sg/sparkletots,www.pcf.org.sg,333,shared_operator_page_candidate,not_verified,https://www.pcf.org.sg/sparkletots,
CENTRE:ST0403,PCF Sparkletots Preschool @ Whampoa Blk 2 (CC),330002,https://www.pcf.org.sg/sparkletots,www.pcf.org.sg,333,shared_operator_page_candidate,not_verified,https://www.pcf.org.sg/sparkletots,
CENTRE:PT9464,MINDCHAMPS PRESCHOOL@FUSION PTE LTD,138632,,,0,unavailable,unavailable,,
CENTRE:PT9914,Little Paddington Preschool Winchester Pte Ltd,117783,,,0,unavailable,unavailable,,
CENTRE:ST0180,PCF SPARKLETOTS PRESCHOOL @ LIMBANG BLK 786 (DS),680786,https://www.pcf.org.sg/sparkletots,www.pcf.org.sg,333,shared_operator_page_candidate,not_verified,https://www.pcf.org.sg/sparkletots,
CENTRE:PT9531,MAPLEBEAR SHINING STARS PTE LTD,519732,https://www.maplebear.sg/pasirris,www.maplebear.sg,1,school_specific_candidate,not_verified,https://www.maplebear.sg/pasirris,
CENTRE:ST0101,PCF Sparkletots Preschool @ Sembawang Central Blk 504A (CC),751504,https://www.pcf.org.sg/sparkletots,www.pcf.org.sg,333,shared_operator_page_candidate,not_verified,https://www.pcf.org.sg/sparkletots,
CENTRE:PT8488,CARPE DIEM EDUCARE PTE. LTD.,670167,https://www.carpediem.com.sg/,www.carpediem.com.sg,15,shared_operator_page_candidate,not_verified,https://www.carpediem.com.sg/,
CENTRE:PT9814,MAPLEBEAR LITTLE FEATS PTE LTD,618494,https://www.maplebear.sg/corporationplace,www.maplebear.sg,1,school_specific_candidate,not_verified,https://www.maplebear.sg/corporationplace,
CENTRE:PT8967,IKIDS WORLD PTE. LTD.,807381,https://www.sunflowerkid.com/,www.sunflowerkid.com,26,shared_operator_page_candidate,not_verified,https://www.sunflowerkid.com/,
CENTRE:PT8364,SUNFLOWER KINDERHUB PTE LTD,806787,http://www.sunflowerkid.com/,www.sunflowerkid.com,1,school_specific_candidate,not_verified,http://www.sunflowerkid.com/,
CENTRE:PT9437,CREATIVE THINKERS PRESCHOOL PTE. LTD.,598606,https://www.creativethinkers.sg/,www.creativethinkers.sg,1,school_specific_candidate,not_verified,https://www.creativethinkers.sg/,
CENTRE:PT9694,Josiah Montessori Kindergarten,529284,https://www.josiah.com.sg/,www.josiah.com.sg,4,shared_operator_page_candidate,not_verified,https://www.josiah.com.sg/,
CENTRE:PT8120,JOSIAH MONTESSORI : CITY CHILDCARE CENTRE,38983,https://www.josiah.com.sg/,www.josiah.com.sg,4,shared_operator_page_candidate,not_verified,https://www.josiah.com.sg/,
CENTRE:PT8398,RAINBOW COVE @ KALLANG CC PTE LTD,339771,https://rainbowcove.com.sg/,rainbowcove.com.sg,2,shared_operator_page_candidate,not_verified,https://rainbowcove.com.sg/,
CENTRE:PT9076,LEARNING KIDZ ACADEMY PTE. LTD.,529541,https://www.learningkidzacademy.com.sg/,www.learningkidzacademy.com.sg,1,school_specific_candidate,not_verified,https://www.learningkidzacademy.com.sg/,
CENTRE:PT8781,LEARNING KIDZ EDUCENTRE PTE. LTD.,569814,,,0,unavailable,unavailable,,
CENTRE:PT8230,LEARNING KIDZ CHILD DEVELOPMENT CENTRE LLP,550423,https://www.learningkidz.com.sg/,www.learningkidz.com.sg,2,shared_operator_page_candidate,not_verified,https://www.learningkidz.com.sg/,
CENTRE:RC1909,PALS Preschool,339351,,,0,unavailable,unavailable,,
CENTRE:PT9667,CLEMENTI WOODS KINDERGARTEN LLP,127370,https://www.cwk.edu.sg/,www.cwk.edu.sg,1,school_specific_candidate,not_verified,https://www.cwk.edu.sg/,
CENTRE:PT9825,Mulberry Learning Centre @ Dover Pte. Ltd.,139658,https://mulberrylearning.com/,mulberrylearning.com,3,shared_operator_page_candidate,not_verified,https://mulberrylearning.com/,
CENTRE:PT9222,SUNNY BUNNY MONTESSORI PTE. LTD.,569139,,,0,unavailable,unavailable,,
CENTRE:ST0159,PCF SPARKLETOTS PRESCHOOL @ BUKIT PANJANG BLK 254 (EY),670254,https://www.pcf.org.sg/sparkletots,www.pcf.org.sg,333,shared_operator_page_candidate,not_verified,https://www.pcf.org.sg/sparkletots,
CENTRE:ST0166,PCF Sparkletots Preschool @ Nee Soon East Blk 312 (CC),760312,https://www.pcf.org.sg/sparkletots,www.pcf.org.sg,333,shared_operator_page_candidate,not_verified,https://www.pcf.org.sg/sparkletots,
CENTRE:ST0020,PCF Sparkletots Preschool @ Nee Soon East Blk 357 (EY),760357,https://www.pcf.org.sg/sparkletots,www.pcf.org.sg,333,shared_operator_page_candidate,not_verified,https://www.pcf.org.sg/sparkletots,
CENTRE:PT9177,MINDCHAMPS PRESCHOOL @ HOLLAND V PTE. LTD.,278967,,,0,unavailable,unavailable,,
CENTRE:PT9504,SUPERLAND PRE-SCHOOL (RMCC) PTE LTD,98917,https://www.superland.com.sg/,www.superland.com.sg,16,shared_operator_page_candidate,not_verified,https://www.superland.com.sg/,
CENTRE:PT9831,MOSAIC PRESCHOOL EUNOS,419730,https://www.mosaicpreschool.sg/,www.mosaicpreschool.sg,2,shared_operator_page_candidate,not_verified,https://www.mosaicpreschool.sg/,
CENTRE:SK0008,Skool4Kidz Preschool,542336,https://skool4kidz.com.sg/,skool4kidz.com.sg,28,shared_operator_page_candidate,not_verified,https://skool4kidz.com.sg/,
CENTRE:PT7540,BRIGHT KIDS SCHOOL HOUSE PTE LTD,820192,https://www.brightkids.com.sg/,www.brightkids.com.sg,5,shared_operator_page_candidate,not_verified,https://www.brightkids.com.sg/,
CENTRE:ST0310,PCF Sparkletots Preschool @ Pioneer Blk 665A (EY),641665,https://www.pcf.org.sg/sparkletots,www.pcf.org.sg,333,shared_operator_page_candidate,not_verified,https://www.pcf.org.sg/sparkletots,
CENTRE:PT9535,SUNFLOWER PRESCHOOL @ HOUGANG CC (PRIVATE LIMITED),538840,https://www.sunflowerkid.com/,www.sunflowerkid.com,26,shared_operator_page_candidate,not_verified,https://www.sunflowerkid.com/,
CENTRE:PT9408,SUNFLOWER PRESCHOOL @ TECK GHEE PTE LTD,562455,https://www.sunflowerkid.com/,www.sunflowerkid.com,26,shared_operator_page_candidate,not_verified,https://www.sunflowerkid.com/,
CENTRE:PT9226,SUNFLOWER PRESCHOOL PTE. LTD.,470745,https://www.sunflowerkid.com/,www.sunflowerkid.com,26,shared_operator_page_candidate,not_verified,https://www.sunflowerkid.com/,
CENTRE:PT8611,SUNFLOWER KINDERHUB @ AMK PTE LTD,568659,https://www.sunflowerkinderhubamk.com.sg/,www.sunflowerkinderhubamk.com.sg,1,school_specific_candidate,not_verified,https://www.sunflowerkinderhubamk.com.sg/,
CENTRE:PT8376,SUNFLOWER BABY HOUSE PTE. LTD.,319515,,,0,unavailable,unavailable,,
CENTRE:KM0002,MOE KINDERGARTEN @ DAZHONG,659441,,,0,unavailable,unavailable,,
CENTRE:PT8777,SUNLIFE EDUCARE PTE LTD,417943,https://www.sunlifeeducare.com.sg/,www.sunlifeeducare.com.sg,1,school_specific_candidate,not_verified,https://www.sunlifeeducare.com.sg/,
CENTRE:KM0056,MOE Kindergarten @ Yangzheng,556108,https://www.yangzhengpri.moe.edu.sg/mk-at-yangzheng,www.yangzhengpri.moe.edu.sg,1,school_specific_candidate,not_verified,https://www.yangzhengpri.moe.edu.sg/mk-at-yangzheng,
CENTRE:KM0010,MOE KINDERGARTEN @ HUAMIN,768857,https://sites.google.com/huamin.edu.sg/mkhm,sites.google.com,1,school_specific_candidate,not_verified,https://sites.google.com/huamin.edu.sg/mkhm,
CENTRE:KM0053,MOE Kindergarten @ Punggol,538787,https://www.punggolpri.moe.edu.sg/,www.punggolpri.moe.edu.sg,1,school_specific_candidate,not_verified,https://www.punggolpri.moe.edu.sg/,
CENTRE:KM0041,MOE KINDERGARTEN @ SEMBAWANG,757715,https://www.sembawangpri.moe.edu.sg/mk-sembawang/about-us/adayinmksembawang,www.sembawangpri.moe.edu.sg,1,school_specific_candidate,not_verified,https://www.sembawangpri.moe.edu.sg/mk-sembawang/about-us/adayinmksembawang,
CENTRE:KM0015,MOE KINDERGARTEN @ WESTWOOD,649188,https://www.westwoodpri.moe.edu.sg/mk-westwood,www.westwoodpri.moe.edu.sg,1,school_specific_candidate,not_verified,https://www.westwoodpri.moe.edu.sg/mk-westwood,
CENTRE:ST0074,PCF Sparkletots Preschool @ Woodgrove Blk 302 (DS),730302,https://www.pcf.org.sg/sparkletots,www.pcf.org.sg,333,shared_operator_page_candidate,not_verified,https://www.pcf.org.sg/sparkletots,
CENTRE:ST0010,PCF SPARKLETOTS PRESCHOOL @ CHUA CHU KANG BLK 3 (CC),680003,https://www.pcf.org.sg/sparkletots,www.pcf.org.sg,333,shared_operator_page_candidate,not_verified,https://www.pcf.org.sg/sparkletots,
CENTRE:ST0076,PCF Sparkletots Preschool @ Changi Simei Blk 233 (CC),520233,https://www.pcf.org.sg/sparkletots,www.pcf.org.sg,333,shared_operator_page_candidate,not_verified,https://www.pcf.org.sg/sparkletots,
CENTRE:ST0075,PCF SPARKLETOTS PRESCHOOL @ KAMPONG CHAI CHEE BLK 424 (CC),460424,https://www.pcf.org.sg/sparkletots,www.pcf.org.sg,333,shared_operator_page_candidate,not_verified,https://www.pcf.org.sg/sparkletots,
CENTRE:PT9582,Catholic Kindergarten,549404,,,0,unavailable,unavailable,,
CENTRE:ST0007,PCF SPARKLETOTS PRESCHOOL @ KAMPONG CHAI CHEE BLK 131 (CC),460131,https://www.pcf.org.sg/sparkletots,www.pcf.org.sg,333,shared_operator_page_candidate,not_verified,https://www.pcf.org.sg/sparkletots,
CENTRE:ST0093,PCF SPARKLETOTS PRESCHOOL @ PIONEER BLK 694 (CC),640694,https://www.pcf.org.sg/sparkletots,www.pcf.org.sg,333,shared_operator_page_candidate,not_verified,https://www.pcf.org.sg/sparkletots,
CENTRE:ST0121,PCF SPARKLETOTS PRESCHOOL @ MARSILING BLK 12 (CC),730012,https://www.pcf.org.sg/sparkletots,www.pcf.org.sg,333,shared_operator_page_candidate,not_verified,https://www.pcf.org.sg/sparkletots,
CENTRE:ST0357,PCF Sparkletots Preschool @ Punggol Shore Blk 171C (EY),823171,https://www.pcf.org.sg/sparkletots,www.pcf.org.sg,333,shared_operator_page_candidate,not_verified,https://www.pcf.org.sg/sparkletots,
CENTRE:ST0294,PCF Sparkletots Preschool @ Yio Chu Kang Blk 644 (EY),560644,https://www.pcf.org.sg/sparkletots,www.pcf.org.sg,333,shared_operator_page_candidate,not_verified,https://www.pcf.org.sg/sparkletots,
CENTRE:ST0030,PCF SPARKLETOTS PRESCHOOL @ HONG KAH NORTH BLK 419 (CC),650419,https://www.pcf.org.sg/sparkletots,www.pcf.org.sg,333,shared_operator_page_candidate,not_verified,https://www.pcf.org.sg/sparkletots,
CENTRE:ST0369,PCF Sparkletots Preschool @ Brickland Blk 801 (DS),680801,https://www.pcf.org.sg/sparkletots,www.pcf.org.sg,333,shared_operator_page_candidate,not_verified,https://www.pcf.org.sg/sparkletots,
CENTRE:ST0331,PCF Sparkletots Preschool @ Yew Tee Blk 608 (DS),680608,https://www.pcf.org.sg/sparkletots,www.pcf.org.sg,333,shared_operator_page_candidate,not_verified,https://www.pcf.org.sg/sparkletots,
CENTRE:KM0004,MOE KINDERGARTEN @ PUNGGOL VIEW,828845,,,0,unavailable,unavailable,,
CENTRE:KM0051,MOE Kindergarten @ Shuqun,649332,https://shuqunpri.moe.edu.sg/,shuqunpri.moe.edu.sg,1,school_specific_candidate,not_verified,https://shuqunpri.moe.edu.sg/,
CENTRE:PT9471,CARPE DIEM @ NORDCOM PTE LTD,757088,https://carpediem.com.sg/,carpediem.com.sg,4,shared_operator_page_candidate,not_verified,https://carpediem.com.sg/,
CENTRE:PT9305,LITTLE PADDINGTON PRESCHOOL TANGLIN PTE LTD,277618,,,0,unavailable,unavailable,,
CENTRE:PT9898,SPRING BUDS LEARNING COVE PTE LTD,738229,,,0,unavailable,unavailable,,
CENTRE:PT9873,SUPERLAND PRE-SCHOOL (JURONG EAST) PTE. LTD.,608521,https://www.superland.com.sg/,www.superland.com.sg,16,shared_operator_page_candidate,not_verified,https://www.superland.com.sg/,
CENTRE:PT9899,SUPERLAND PRE-SCHOOL (BUKIT CANBERRA),756973,https://www.superland.com.sg/,www.superland.com.sg,16,shared_operator_page_candidate,not_verified,https://www.superland.com.sg/,
CENTRE:PT9368,SUPERLAND PRE-SCHOOL (100 AM),79027,https://www.superland.com.sg/,www.superland.com.sg,16,shared_operator_page_candidate,not_verified,https://www.superland.com.sg/,
CENTRE:KM0050,MOE Kindergarten @ Yishun,768679,,,0,unavailable,unavailable,,
CENTRE:PT9186,CARPE DIEM ACE LEARNERS PTE. LTD.,659554,,,0,unavailable,unavailable,,
CENTRE:PT8911,CARPE DIEM @ ITE PTE. LTD.,567720,,,0,unavailable,unavailable,,
CENTRE:KM0044,MOE KINDERGARTEN @ ANG MO KIO,569920,https://angmokiopri.moe.edu.sg/,angmokiopri.moe.edu.sg,1,school_specific_candidate,not_verified,https://angmokiopri.moe.edu.sg/,
CENTRE:KM0028,MOE Kindergarten @ North Vista,544974,,,0,unavailable,unavailable,,
CENTRE:KM0009,MOE KINDERGARTEN @ FRONTIER,648200,,,0,unavailable,unavailable,,
CENTRE:KM0020,MOE Kindergarten @ Fernvale,797701,,,0,unavailable,unavailable,,
CENTRE:KM0052,MOE Kindergarten @ Casuarina,518935,http://www.moe.gov.sg/mk,www.moe.gov.sg,1,school_specific_candidate,not_verified,http://www.moe.gov.sg/mk,
CENTRE:KM0034,MOE Kindergarten @ Meridian,518798,,,0,unavailable,unavailable,,
CENTRE:KM0022,MOE KINDERGARTEN @ PEI TONG,129857,,,0,unavailable,unavailable,,
CENTRE:KM0025,MOE Kindergarten @ Fern Green,797538,,,0,unavailable,unavailable,,
CENTRE:KM0030,MOE Kindergarten @ Northshore,828671,,,0,unavailable,unavailable,,
CENTRE:KM0013,MOE KINDERGARTEN @ RIVERSIDE,737803,,,0,unavailable,unavailable,,
CENTRE:KM0021,MOE KINDERGARTEN @ WELLINGTON,757702,,,0,unavailable,unavailable,,
CENTRE:KM0035,MOE Kindergarten @ Cedar,349700,,,0,unavailable,unavailable,,
CENTRE:KM0037,MOE Kindergarten @ West View,677742,,,0,unavailable,unavailable,,
CENTRE:KM0007,MOE KINDERGARTEN @ SENGKANG GREEN,797636,,,0,unavailable,unavailable,,
CENTRE:KM0032,MOE Kindergarten @ Zhenghua,679002,,,0,unavailable,unavailable,,
CENTRE:KM0047,MOE Kindergarten @ Fengshan,469680,,,0,unavailable,unavailable,,
CENTRE:KM0046,MOE Kindergarten @ Bendemeer,339948,https://www.bendemeerpri.moe.edu.sg/,www.bendemeerpri.moe.edu.sg,1,school_specific_candidate,not_verified,https://www.bendemeerpri.moe.edu.sg/,
CENTRE:KM0043,MOE KINDERGARTEN @ ANGSANA,528565,https://angsanapri.moe.edu.sg/,angsanapri.moe.edu.sg,1,school_specific_candidate,not_verified,https://angsanapri.moe.edu.sg/,
TP:TP0870,MY WORLD PRESCHOOL LTD.,520400,,,0,unavailable,unavailable,,
TP:TP0641,MY WORLD PRESCHOOL LTD.,531214,,,0,unavailable,unavailable,,
TP:TP0977,MY FIRST SKOOL,760936,https://www.myfirstskool.com/,www.myfirstskool.com,7,shared_operator_page_candidate,not_verified,https://www.myfirstskool.com/,
TP:TP1457,na,828629,,,0,unavailable,unavailable,,
TP:TP0777,E-Bridge Pre-School Punggol Digital District,829910,https://www.e-bridge.edu.sg/,www.e-bridge.edu.sg,8,shared_operator_page_candidate,not_verified,https://www.e-bridge.edu.sg/,
TP:TP1433,PCF Sparkletots Preschool @ Tengah Blk 135 (CC),690135,,,0,unavailable,unavailable,,
TP:TP1360,PCF Sparkletots Preschool @ Marsiling Blk 909 (CC),730909,,,0,unavailable,unavailable,,
TP:TP1432,na,761430,,,0,unavailable,unavailable,,
TP:TP0953,PCF Sparkletots Preschool @ Marsiling Blk 909 (CC),730909,,,0,unavailable,unavailable,,
TP:TP0655,PCF Sparkletots Preschool @ Whampoa Blk 140 (CC),320140,,,0,unavailable,unavailable,,
TP:TP1359,na,828629,,,0,unavailable,unavailable,,
TP:TP1356,na,603285,,,0,unavailable,unavailable,,
TP:TP1355,na,390054,,,0,unavailable,unavailable,,
TP:TP1199,MY FIRST SKOOL,659839,,,0,unavailable,unavailable,,
TP:TP1197,MY FIRST SKOOL,738951,,,0,unavailable,unavailable,,
TP:TP1354,na,797383,,,0,unavailable,unavailable,,
TP:TP1351,na,691302,,,0,unavailable,unavailable,,
TP:TP1347,na,690318,,,0,unavailable,unavailable,,
TP:TP1346,na,690307,,,0,unavailable,unavailable,,
TP:TP1101,na,0,,,0,unavailable,unavailable,,
TP:TP1215,na,382020,,,0,unavailable,unavailable,,
TP:TP0648,na,640934,,,0,unavailable,unavailable,,
TP:TP1211,na,0,,,0,unavailable,unavailable,,
TP:TP1203,na,790465,,,0,unavailable,unavailable,,
TP:TP1198,na,0,,,0,unavailable,unavailable,,
TP:TP1192,na,400326,,,0,unavailable,unavailable,,
TP:TP1185,na,122209,,,0,unavailable,unavailable,,
TP:TP1184,na,90018,,,0,unavailable,unavailable,,
TP:TP0647,na,0,,,0,unavailable,unavailable,,
TP:TP1179,na,0,,,0,unavailable,unavailable,,
TP:TP1176,na,160130,,,0,unavailable,unavailable,,
TP:TP1174,na,640528,,,0,unavailable,unavailable,,
TP:TP1170,na,760383,,,0,unavailable,unavailable,,
TP:TP1169,na,0,,,0,unavailable,unavailable,,
TP:TP1168,na,100044,,,0,unavailable,unavailable,,
TP:TP1165,na,684485,,,0,unavailable,unavailable,,
TP:TP0954,na,0,,,0,unavailable,unavailable,,
TP:TP1129,na,791415,,,0,unavailable,unavailable,,
TP:TP1110,na,461030,,,0,unavailable,unavailable,,
TP:TP1109,na,0,,,0,unavailable,unavailable,,
TP:TP1108,na,672550,,,0,unavailable,unavailable,,
TP:TP0300,na,752101,,,0,unavailable,unavailable,,
TP:TP0639,na,0,,,0,unavailable,unavailable,,
TP:TP1048,na,0,,,0,unavailable,unavailable,,
TP:TP1049,na,0,,,0,unavailable,unavailable,,
TP:TP1094,na,0,,,0,unavailable,unavailable,,
TP:TP1087,na,820326,,,0,unavailable,unavailable,,
TP:TP1083,na,732894,,,0,unavailable,unavailable,,
TP:TP0651,na,640991,,,0,unavailable,unavailable,,
TP:TP0803,na,0,,,0,unavailable,unavailable,,
TP:TP0533,na,0,,,0,unavailable,unavailable,,
TP:TP1080,na,524492,,,0,unavailable,unavailable,,
TP:TP0864,na,0,,,0,unavailable,unavailable,,
TP:TP0859,na,0,,,0,unavailable,unavailable,,
TP:TP0867,na,0,,,0,unavailable,unavailable,,
TP:TP0946,na,0,,,0,unavailable,unavailable,,
TP:TP0372,na,0,,,0,unavailable,unavailable,,
TP:TP0779,na,0,,,0,unavailable,unavailable,,
TP:TP1069,na,520233,,,0,unavailable,unavailable,,
TP:TP1068,na,161079,,,0,unavailable,unavailable,,
TP:TP1067,na,322026,,,0,unavailable,unavailable,,
TP:TP0501,na,0,,,0,unavailable,unavailable,,
TP:TP1064,na,650446,,,0,unavailable,unavailable,,
TP:TP1063,na,640515,,,0,unavailable,unavailable,,
TP:TP1062,na,460409,,,0,unavailable,unavailable,,
TP:TP0952,na,730586,,,0,unavailable,unavailable,,
TP:TP0535,na,0,,,0,unavailable,unavailable,,
TP:TP1006,na,0,,,0,unavailable,unavailable,,
TP:TP0384,na,750333,,,0,unavailable,unavailable,,
TP:TP0383,na,531996,,,0,unavailable,unavailable,,
TP:TP0379,na,750109,,,0,unavailable,unavailable,,
TP:TP0375,na,680205,,,0,unavailable,unavailable,,
TP:TP0302,na,0,,,0,unavailable,unavailable,,
